Programme,University,City,Subject,Assessment,Research category,Fit / main barrier,Degree,Duration,Study format,Next intake assessed,Planning deadline ISO,Deadline evidence,Application window and stages,Winter 2026/27 finding,Tuition EUR per semester,Tuition conditions,Semester contribution EUR,Contribution details,Additional charges,Fee reference / uncertainty,Academic / portfolio / experience requirements,Published IELTS minimum,English requirement,German requirement,Application procedure,Official programme URL,Official admissions URL,Application portal URL,Evidence level,Sources,Research checked,Stable record ID,Shortlisted,Application stage,My notes
Transformation Studies,Brandenburg University of Technology Cottbus-Senftenberg,Cottbus,Society & development,Start here,Conditional investigation,Broad disciplinary intake could accommodate a Home Science transcript with substantial social or cultural content.,Master of Arts,4 semesters,On campus / university-based; check programme format,Winter 2027/28,2027-05-15,Annual pattern; next cycle unconfirmed,1 March–15 May for the international application route.,No suitable open winter 2026/27 route verified for this profile in this research.,0,€0 tuition; semester contribution and any listed extra charges are separate.,391.8,Approx. €391.80 per semester; verify the next intake rate.,,Source quote checked 4 October 2026; often 2026/27 or an earlier 2026 semester. Future rates unconfirmed.,"A humanities, cultural or social-science degree, or a natural/technical-science degree with relevant content. Admission board assesses relevance; submit the requested motivation and academic evidence.",6.0,IELTS Academic 6; confirm component minimums and certificate validity.,No minimum language level required,Apply through MyBTU following the programme-specific instructions.,https://www.b-tu.de/en/transformation-studies-ma/,https://www.b-tu.de/en/transformation-studies-ma/access-to-the-programme/application,https://www.b-tu.de/myBTU/pages/cs/sys/portal/hisinoneStartPage.faces,University-supplied DAAD entry,https://www.b-tu.de/en/transformation-studies-ma/ | https://www-docs.b-tu.de/zulassung/public/universitaere/Merkblaetter_BA_MA/Sprachnachweise/MB_Sprachnachweis_Englisch_Language_Certificate_English.pdf | https://www.b-tu.de/en/transformation-studies-ma/access-to-the-programme/application | https://www.b-tu.de/en/study/during-studies/study-organization/formalities/semester-fee | https://www2.daad.de/deutschland/studienangebote/international-programmes/en/detail/9256/,2026-10-04,daad-9256,No,Not started,
"Nutrition, Health and Food Systems",Fulda University of Applied Sciences,Fulda,Nutrition & food,Start here,Conditional investigation,Home economics is explicitly accepted. This is one of the closest subject matches to a Home Science degree.,Master of Science,4 semesters,On campus / university-based; check programme format,Summer 2027,2027-03-31,Annual pattern; next cycle unconfirmed,Summer: 1 November–31 March. Winter: 1 May–30 September. The winter 2026/27 deadline passed on 30 September 2026; any late place needs explicit university confirmation.,30 September 2026 deadline passed. A late-admission enquiry is possible; no late opening is verified.,0,€0 tuition; semester contribution and any listed extra charges are separate.,400,Approx. €400.00 per semester; verify the next intake rate.,,Source quote checked 4 October 2026; often 2026/27 or an earlier 2026 semester. Future rates unconfirmed.,"Recognised related degree of at least 180 ECTS, including home economics; German grade 2.5 or better. Exceptional nutrition expertise may compensate for a weaker grade. The board may require additional modules. Select the fully English pathway.",5.5,B2; IELTS Academic 5.5.,None for the fully English pathway; C1 for the bilingual pathway.,"Foreign qualifications: apply through uni-assist, regardless of nationality or residence in Germany.",https://www.hs-fulda.de/en/studyprogramme/nutrition-health-and-food-systems-msc,https://www.uni-assist.de/en/how-to-apply/apply-online/,https://my.uni-assist.de/,University pages and university-supplied DAAD entry,https://www.hs-fulda.de/en/studyprogramme/nutrition-health-and-food-systems-msc | https://www.hs-fulda.de/en/international/costs-and-funding | https://www2.daad.de/deutschland/studienangebote/international-programmes/en/detail/11011/,2026-10-04,daad-11011,No,Not started,
International Food Business and Consumer Studies (IFBC),Fulda University of Applied Sciences / University of Kassel,Fulda,Nutrition & food,Start here,Conditional investigation,"Nutrition, food and consumer studies can connect directly to Home Science. This is one joint Fulda/Kassel degree, counted once.",Master of Science,4 semesters,On campus / university-based; check programme format,Winter 2027/28,2027-03-01,Annual pattern; next cycle unconfirmed,Foreign first degree: 1 December–1 March for the following winter intake.,No suitable open winter 2026/27 route verified for this profile in this research.,0,€0 tuition; semester contribution and any listed extra charges are separate.,400,Approx. €400.00 per semester; verify the next intake rate.,Approximate contribution; confirm the joint-campus billing arrangement.,Source quote checked 4 October 2026; often 2026/27 or an earlier 2026 semester. Future rates unconfirmed.,"Related first degree in nutrition, food, consumer studies, agriculture or a comparable field; at least 180 ECTS and German grade 2.4 or better. CV, reference and motivation statement (maximum 3,500 characters).",5.5,IELTS Academic 5.5; confirm component minimums and certificate validity.,No minimum language level required,Foreign degree: uni-assist for the joint programme; follow the Kassel foreign-qualification procedure.,https://www.study-ifbc.de,https://www.study-ifbc.de,https://my.uni-assist.de/,University pages and university-supplied DAAD entry,https://www.uni-kassel.de/uni/studium/international-food-business-and-consumer-studies-master/application-and-admission/bewerbung-mit-auslaendischen-zeugnissen.html | https://www.study-ifbc.de | https://www.hs-fulda.de/en/international/costs-and-funding | https://www2.daad.de/deutschland/studienangebote/international-programmes/en/detail/3687/,2026-10-04,daad-3687,No,Not started,
Individual Research Master,Leuphana University Lüneburg,Lüneburg,Interdisciplinary research,Start here,Conditional investigation,Open to all disciplines; a research proposal grounded in Home Science or interior design could be relevant.,Master of Science,4 semesters,On campus / university-based; check programme format,Winter 2027/28,2027-05-01,Annual pattern; next cycle unconfirmed,"Use 1 May for planning the non-EU / foreign-degree route. The EU category has 1 June; confirm the category from your citizenship and degree, not your address.",No suitable open winter 2026/27 route verified for this profile in this research.,0,€0 tuition; semester contribution and any listed extra charges are separate.,450,Approx. €450.00 per semester; verify the next intake rate.,,Source quote checked 4 October 2026; often 2026/27 or an earlier 2026 semester. Future rates unconfirmed.,Recognised bachelor’s degree; at least 10 ECTS in research methods. Submit a research exposé of at most two pages and identify a proposed Leuphana professor as mentor. Selection depends on research fit and capacity.,5.5,"IELTS 5.5, Academic or General Training; certificate at most four years old under the university’s published policy.",No minimum language level required,Foreign-degree applicants: follow Leuphana’s uni-assist procedure; confirm the applicable applicant category.,https://www.leuphana.de/en/graduate-school/masters-programmes/individual-research-master.html,https://www.leuphana.de/en/graduate-school/masters-application.html,https://my.uni-assist.de/,University pages and university-supplied DAAD entry,https://www.leuphana.de/en/graduate-school/masters-programmes/individual-research-master/admission-and-requirements.html | https://www.leuphana.de/en/graduate-school/masters-application/admission-requirements.html | https://www.leuphana.de/en/graduate-school/masters-programmes/individual-research-master.html | https://www.leuphana.de/en/graduate-school/masters-application.html | https://www.uni-assist.de/bewerben/online-bewerben/ | https://www.leuphana.de/en/institutions/international-center/language-culture.html | https://www2.daad.de/deutschland/studienangebote/international-programmes/en/detail/10627/,2026-10-04,daad-10627,No,Not started,
Management & Data Science,Leuphana University Lüneburg,Lüneburg,Business & entrepreneurship,Start here,Conditional investigation,The official consecutive-subject list accepts all disciplines. No prior management degree is stipulated there; assess readiness for the mathematical/computing curriculum.,Master of Science,4 semesters,On campus / university-based; check programme format,Winter 2027/28,2027-05-01,Annual pattern; next cycle unconfirmed,Non-EU / foreign-degree planning deadline: 1 May. Confirm the current application cycle and category.,No suitable open winter 2026/27 route verified for this profile in this research.,0,€0 tuition; semester contribution and any listed extra charges are separate.,450,Approx. €450.00 per semester; verify the next intake rate.,,Source quote checked 4 October 2026; often 2026/27 or an earlier 2026 semester. Future rates unconfirmed.,Recognised bachelor’s degree; the February 2026 consecutive-subject sheet lists all disciplines and recommends programming knowledge and solid basic linear algebra. Standard graduate-school selection and English requirements apply; recommended preparation is not a promise that the course will be easy.,5.5,"IELTS 5.5, Academic or General Training; certificate at most four years old under the university policy.",No minimum language level required,"• uni-assist
• Website",https://www.leuphana.de/en/graduate-school/masters-programmes/management-data-science.html,https://www.leuphana.de/en/graduate-school/masters-application.html,https://my.uni-assist.de/,University pages and university-supplied DAAD entry,https://www.leuphana.de/fileadmin/user_upload/grad_school/files/2Master/Infoblaetter/EN/EN_Consecutive-Subjects.pdf | https://www.leuphana.de/en/graduate-school/masters-application/admission-requirements.html | https://www.leuphana.de/en/graduate-school/masters-programmes/management-data-science.html | https://www.leuphana.de/en/graduate-school/masters-application.html | https://www.uni-assist.de/bewerben/online-bewerben/ | https://www2.daad.de/deutschland/studienangebote/international-programmes/en/detail/4556/,2026-10-04,daad-4556,No,Not started,
MFA Gemstones and Jewellery — regular degree,Trier University of Applied Sciences,Idar-Oberstein,Design & art,Start here,Conditional investigation,Explicitly accepts any recognised bachelor’s degree. Admission turns on the portfolio and artistic aptitude; especially relevant if you already make art or objects.,Master of Fine Arts,4 semesters; possible 1–2 preparatory workshop semesters,On campus,Summer 2027,2026-11-01,Annual pattern; next cycle unconfirmed,"Recurring deadlines: 1 November for the following summer, 1 May for winter. Confirm the intake in the live application instructions.",The recurring winter deadline of 1 May 2026 has passed. No late winter route verified.,0,€0 tuition for the regular MFA; do not confuse it with fee-paying continuing-education routes.,265.8,€265.80 first semester; €242.80 later semesters at the quoted rate.,€90 workshop consumables each semester; €100 foreign-qualification assessment; personal materials extra. Preparatory semesters add time and costs.,Current university fee pages checked 4 October 2026; future rates can change.,Any bachelor’s degree recognised in Germany; artistic aptitude assessment and portfolio (up to 15 projects). English is assessed at interview. Preparatory workshop semesters may be required. Indian-degree APS is needed by enrolment; aptitude review can start before APS. The university prohibits AI-generated application material.,,No formal IELTS certificate; English interview.,No formal German requirement for this English-language route.,Follow the faculty’s MFA application instructions and submit the requested aptitude/portfolio materials. The admissions page explains the subsequent enrolment route.,https://www.hochschule-trier.de/en/gestaltung/es/study/courses/master,https://www.hochschule-trier.de/en/gestaltung/es/study/apply/master-gemstones-and-jewellery-mfa,,"Direct university admissions, FAQ and fee pages",https://www.hochschule-trier.de/en/gestaltung/es/study/apply/master-gemstones-and-jewellery-mfa | https://www.hochschule-trier.de/en/campus-for-design-and-art/dept-of-gemstones-and-jewellery/study/apply/faq | https://www.hochschule-trier.de/en/gestaltung/dept-of-gemstones-and-jewellery/landingpages/semesterfee-io,2026-10-04,trier-gemstones,No,Not started,
Sustainable Social Work: Child/hood and Family,University of Applied Sciences Potsdam,Potsdam,Education & family,Start here,Conditional investigation,"A Home Science degree with child development, family studies or early-childhood modules deserves a subject-fit enquiry.",Master of Arts,4 semesters,Hybrid with compulsory campus attendance,Winter 2027/28,,2027 dates not published in checked sources,The published 2026 window was 15 May–22 June. The 2027 dates were not confirmed in the sources checked.,No suitable open winter 2026/27 route verified for this profile in this research.,0,€0 tuition; semester contribution and any listed extra charges are separate.,361.8,Approx. €361.80 per semester; verify the next intake rate.,,Source quote checked 4 October 2026; often 2026/27 or an earlier 2026 semester. Future rates unconfirmed.,"At least 180 ECTS in social work, early childhood education or an academically related field. Choose the English track. Hybrid delivery still includes required on-campus teaching on Thursdays and Fridays.",6,English track: B2; IELTS Academic 6.0.,None for the English track.,Please check this website .,https://www.fh-potsdam.de/en/study-further-education/degree-programs/sustainable-social-work-childhood-and-family-ma,https://www.studentenwerk-potsdam.de/wohnen/online-bewerben/,https://mycampus.fh-potsdam.de/qisserver/pages/cs/sys/portal/hisinoneStartPage.faces,University pages and university-supplied DAAD entry,https://www.fh-potsdam.de/en/study-further-education/degree-programs/sustainable-social-work-childhood-and-family-ma | https://www.studentenwerk-potsdam.de/wohnen/online-bewerben/ | https://www2.daad.de/deutschland/studienangebote/international-programmes/en/detail/10634/,2026-10-04,daad-10634,No,Not started,
Food System Sciences (MSc),University of Bayreuth,Kulmbach,Nutrition & food,Start here,Conditional investigation,"Accepts a broad mix of nutrition, health, natural and social science backgrounds, subject to its aptitude assessment.",Master of Science,4 semesters,On campus / university-based; check programme format,Winter 2027/28,2027-06-15,Annual pattern; next cycle unconfirmed,1 March–15 June for winter admission.,No suitable open winter 2026/27 route verified for this profile in this research.,0,€0 tuition; semester contribution and any listed extra charges are separate.,165.84,Approx. €165.84 per semester; verify the next intake rate.,,Source quote checked 4 October 2026; often 2026/27 or an earlier 2026 semester. Future rates unconfirmed.,"Relevant recognised first degree, German grade 2.5 or better. The aptitude assessment reviews the science/economics competencies in the transcript; the degree title alone is insufficient.",6,B2; IELTS Academic 6.0.,A1 certificate by the end of the first year; confirm whether your existing A1 proof is accepted.,"Request a uni-assist VPD, then apply in CAMPUSonline. Allow at least 6–8 weeks for the VPD.",https://www.food-system-master.uni-bayreuth.de/en/index.html,https://www.food-system-master.uni-bayreuth.de/en/application/index.html,https://campusonline.uni-bayreuth.de/,University pages and university-supplied DAAD entry,https://www.food-system-master.uni-bayreuth.de/en/application/index.html | https://www.food-system-master.uni-bayreuth.de | https://www.gamechanger-campus.de/en/cost-of-living | https://www2.daad.de/deutschland/studienangebote/international-programmes/en/detail/9214/,2026-10-04,daad-9214,No,Not started,
Integrated Urban Development and Design (IUDD),Bauhaus-Universität Weimar,Weimar,Design & art,Portfolio review,Conditional investigation,"Interior design can connect to the built environment, but the bachelor’s equivalence and urban/design portfolio must pass assessment.",Master of Science,4 semesters,On campus / university-based; check programme format,Winter 2027/28,2027-05-15,Annual pattern; next cycle unconfirmed,Non-EU route: 15 May through uni-assist. EU / European-first-degree category: 25 June.,No suitable open winter 2026/27 route verified for this profile in this research.,0,€0 tuition; semester contribution and any listed extra charges are separate.,340,Approx. €340.00 per semester; verify the next intake rate.,€20 one-time student card fee.,Source quote checked 4 October 2026; often 2026/27 or an earlier 2026 semester. Future rates unconfirmed.,"At least 180 ECTS in architecture, urban design, landscape architecture/planning or a built-environment-related discipline; German grade 2.5 or better. Portfolio with at least three study or professional work samples demonstrating design skills, preferably urban; subject equivalence is decided by the board.",6.0,IELTS Academic 6; confirm component minimums and certificate validity.,No minimum language level required,"• uni-assist
• Website",https://www.uni-weimar.de/iudd,https://www.uni-weimar.de/de/architektur-und-urbanistik/institute/bauhaus-ifex/iudd-master-msc/application/,https://my.uni-assist.de/,University pages and university-supplied DAAD entry,https://www.uni-weimar.de/de/architektur-und-urbanistik/institute/bauhaus-ifex/iudd-master-msc/application/ | https://www.uni-weimar.de/iudd | https://www2.daad.de/deutschland/studienangebote/international-programmes/en/detail/3654/,2026-10-04,daad-3654,No,Not started,
Design Futures (MA),Folkwang University of the Arts,Essen,Design & art,Portfolio review,Conditional investigation,Potential route if the bachelor’s content and portfolio establish a convincing relationship to design.,Master of Arts,4 semesters,On campus / university-based; check programme format,Winter 2027/28,2027-03-15,Annual pattern; next cycle unconfirmed,15 January–15 March; winter intake.,No suitable open winter 2026/27 route verified for this profile in this research.,0,€0 tuition; semester contribution and any listed extra charges are separate.,320,Approx. €320.00 per semester; verify the next intake rate.,,Source quote checked 4 October 2026; often 2026/27 or an earlier 2026 semester. Future rates unconfirmed.,"Design or a design-related engineering, social-science or humanities degree; artistic/design aptitude assessment and portfolio. Use the fully English route.",5.5,English track: B2; IELTS Academic 5.5.,None for the English track.,Please check this website .,https://id.folkwang-uni.de/,https://www.folkwang-uni.de/en/home/design/courses-of-studies/design-futures-master-of-arts/basic-info-application,https://my.folkwang-uni.de/,University pages and university-supplied DAAD entry,https://www.folkwang-uni.de/en/home/design/courses-of-studies/design-futures-master-of-arts/basic-info-application | https://id.folkwang-uni.de/ | https://www2.daad.de/deutschland/studienangebote/international-programmes/en/detail/9927/,2026-10-04,daad-9927,No,Not started,
Design Entrepreneurship,Osnabrück University of Applied Sciences,Osnabrück,Design & art,Portfolio review,Conditional investigation,Needs an accepted design-related degree and a convincing portfolio / entrepreneurial design direction.,Master of Arts,3 semesters,On campus / university-based; check programme format,Winter 2027/28,2027-04-15,Annual pattern; next cycle unconfirmed,1 February–15 April.,No suitable open winter 2026/27 route verified for this profile in this research.,0,€0 tuition; semester contribution and any listed extra charges are separate.,440,Approx. €440.00 per semester; verify the next intake rate.,,Source quote checked 4 October 2026; often 2026/27 or an earlier 2026 semester. Future rates unconfirmed.,"The degree programme is geared towards international students with a first degree in a design discipline (e.g. industrial design, interaction design, product design, etc.) or a neighbouring discipline which includes a design methodology such as information technology, computer science or mechanical engineering.
Applicants must demonstrate proof of English language competency at a minimum level of B2 according to the Common European Framework of Reference for Languages.
Please also take note of the university's general admission requirements. Your university degree must be recognised as sufficient for admission to a Master's programme in Germany. If you are unsure whether this is the case, you can check the databases of the German Academic Exchange Service or anabin at the Central Office for Foreign Education.",5.5,IELTS Academic 5.5; confirm component minimums and certificate validity.,No minimum language level required,Please apply via uni-assist .,https://www.hs-osnabrueck.de/studium/studienangebot/master/design-entrepreneurship-ma/,https://www.hs-osnabrueck.de/en/study/study-offerings/master/design-entrepreneurship-ma/how-to-apply/,https://my.uni-assist.de/,University-supplied DAAD entry,https://www.hs-osnabrueck.de/studium/studienangebot/master/design-entrepreneurship-ma/ | https://www2.daad.de/deutschland/studienangebote/international-programmes/en/detail/9632/,2026-10-04,daad-9632,No,Not started,
"Design and Interaction, MA",Rhine-Waal University of Applied Sciences,Kamp-Lintfort,Design & art,Portfolio review,Conditional investigation,"Interior design could be relevant, but both the design content and the 180-to-210 credit arrangement need approval.",Master of Arts,3 semesters,On campus / university-based; check programme format,Summer 2027,2027-01-15,Annual pattern; next cycle unconfirmed,University application: 15 January for summer; 15 July for winter. A separate aptitude-test deadline applies and may be earlier; verify it before using this planning date.,No suitable open winter 2026/27 route verified for this profile in this research.,0,€0 tuition; semester contribution and any listed extra charges are separate.,300,Approx. €300.00 per semester; verify the next intake rate.,,Source quote checked 4 October 2026; often 2026/27 or an earlier 2026 semester. Future rates unconfirmed.,"Relevant design, IT-with-design or related bachelor’s degree; normally 210 ECTS. At least 180 ECTS can be accepted with additional study or an agreed learning arrangement. Separate artistic aptitude assessment. Confirm the current grade and portfolio rules.",5.5,IELTS Academic 5.5; confirm component minimums and certificate validity.,No minimum language level required,Foreign degree: uni-assist plus the separate faculty aptitude process.,https://www.hochschule-rhein-waal.de/en/faculties/communication-and-environment/degree-programmes/master-degree-programmes/design-and,https://www.hochschule-rhein-waal.de/de/studium/studieninteressierte/bewerbungsverfahren/masterstudiengaenge,https://my.uni-assist.de/,University pages and university-supplied DAAD entry,https://www.hochschule-rhein-waal.de/en/faculty-of-communication-and-environment/aptitude-test | https://www.hochschule-rhein-waal.de/en/faculties/communication-and-environment/degree-programmes/master-degree-programmes/design-and | https://www.hochschule-rhein-waal.de/de/studium/studieninteressierte/bewerbungsverfahren/masterstudiengaenge | https://www.study-in-germany.de/en/plan-your-stay/money-and-costs/cost-of-living_28220.php | https://www.hochschule-rhein-waal.de/en/academics/prospective-students/current-application-period/masters-programmes | https://www2.daad.de/deutschland/studienangebote/international-programmes/en/detail/4489/,2026-10-04,daad-4489,No,Not started,
Integrated Design Research (Master of Arts),Technische Hochschule Köln - University of Applied Sciences,Köln,Design & art,Portfolio review,Conditional investigation,"The interior design minor may support a design-focused portfolio, but does not guarantee academic suitability.",Master of Arts,4 semesters,On campus / university-based; check programme format,Winter 2027/28,2027-03-31,Annual pattern; next cycle unconfirmed,"Foreign qualifications: uni-assist, approximately mid-February–31 March. A separate CaMS application follows during a short late-April window; the 2027 dates must be checked.",No suitable open winter 2026/27 route verified for this profile in this research.,0,€0 tuition; semester contribution and any listed extra charges are separate.,353,Approx. €353.00 per semester; verify the next intake rate.,,Source quote checked 4 October 2026; often 2026/27 or an earlier 2026 semester. Future rates unconfirmed.,"Recognised bachelor’s degree of at least 180 ECTS; design aptitude / portfolio assessment, motivation, reference and CV. Check the current KISD brief before preparing the submission.",5.5,IELTS Academic 5.5; confirm component minimums and certificate validity.,No minimum language level required,"Two stages: uni-assist first, then the separate CaMS / KISD application. Do not stop after obtaining the preliminary document.",https://kisd.de/en/application/ma-integrated-design/,https://kisd.de/en/application/ma-integrated-design/application-process/,https://my.uni-assist.de/,University pages and university-supplied DAAD entry,https://kisd.de/en/application/ma-integrated-design/application-process/ | https://kisd.de/en/application/ma-integrated-design/ | https://www2.daad.de/deutschland/studienangebote/international-programmes/en/detail/3990/,2026-10-04,daad-3990,No,Not started,
MA Design — four-semester English track,University of Applied Sciences Potsdam,Potsdam,Design & art,Portfolio review,Conditional investigation,A design-oriented degree and portfolio are essential. The four-semester English track can accept 180 ECTS.,Master of Arts,4 semesters,On campus / university-based; check programme format,Winter 2027/28,2027-04-01,Published 2027 dates,"English studio / aptitude application: 1 January–1 April 2027. After passing, apply for the university place by 15 July. Request the VPD well in advance.",No suitable open winter 2026/27 route verified for this profile in this research.,0,€0 tuition; semester contribution and any listed extra charges are separate.,361.68,Approx. €361.68 per semester; verify the next intake rate.,,Source quote checked 4 October 2026; often 2026/27 or an earlier 2026 semester. Future rates unconfirmed.,At least 180 ECTS in design or a design-oriented discipline and a passed aptitude assessment. The two-semester German fast track needs 240 ECTS and is not the route assessed here.,6,B2; IELTS Academic 6.0.,Not required for the four-semester English track.,Studio / aptitude application first; uni-assist VPD for foreign qualifications; then university application.,https://www.fh-potsdam.de/en/study-further-education/degree-programmes/design-ma,http://www.uni-assist.de/bewerben/bewerbung-planen/vpd/,https://mycampus.fh-potsdam.de/qisserver/pages/cs/sys/portal/hisinoneStartPage.faces,University pages and university-supplied DAAD entry,https://www.fh-potsdam.de/en/study-further-education/degree-programmes/design-ma | http://www.uni-assist.de/bewerben/bewerbung-planen/vpd/ | https://www2.daad.de/deutschland/studienangebote/international-programmes/en/detail/11088/,2026-10-04,daad-11088,No,Not started,
MFA Fine Arts,University of Fine Arts Hamburg,Hamburg,Design & art,Portfolio review,Conditional investigation,Artistic practice may help with the 180-to-240 credit gap. Confirm that the teaching/supervision can work in English.,Master of Fine Arts,4 semesters,On campus / university-based; check programme format,Winter 2027/28,2027-03-05,Published 2027 dates,4 February–5 March 2027; deadline 16:00 local time.,No suitable open winter 2026/27 route verified for this profile in this research.,0,€0 tuition; semester contribution and any listed extra charges are separate.,389,Approx. €389.00 per semester; verify the next intake rate.,,Source quote checked 4 October 2026; often 2026/27 or an earlier 2026 semester. Future rates unconfirmed.,"Normally 240 ECTS; 180-ECTS applicants are encouraged to document at least one year of artistic practice, cultural work, internships or additional study. Exceptional artistic achievements may count for 60 ECTS. Portfolio and 3–5-page artistic project proposal.",,No fixed IELTS requirement; English teaching/supervision must be confirmed with the department.,No formal German certificate required; German is recommended. Fully English completion is not guaranteed.,"Please check this website .
Career advisory services and programmes for future professionals
https://hfbk-hamburg.de/en/information/professionalization",https://hfbk-hamburg.de/en/study/study-programs/master-s-program-in-fine-arts,https://hfbk-hamburg.de/en/information/prospective-students/apply/application-master-fine-arts,,University pages and university-supplied DAAD entry,https://hfbk-hamburg.de/en/information/prospective-students/apply/application-master-fine-arts | https://hfbk-hamburg.de/en/information/studierenden-service/semester-contributions-and-fees | https://hfbk-hamburg.de/en/study/study-programs/master-s-program-in-fine-arts | https://www2.daad.de/deutschland/studienangebote/international-programmes/en/detail/11191/,2026-10-04,daad-11191,No,Not started,
MA Sociology — International Track,Bielefeld University,Bielefeld,Society & development,Check subject credits,Conditional investigation,"Only a transcript with sociology theory, methods and specialisation can establish equivalence.",Master of Arts,4 semesters,On campus / university-based; check programme format,Summer 2027,2027-01-15,Annual pattern; next cycle unconfirmed,1 December–15 January for summer; 1 June–15 July for winter.,No suitable open winter 2026/27 route verified for this profile in this research.,0,€0 tuition; semester contribution and any listed extra charges are separate.,333,Approx. €333.00 per semester; verify the next intake rate.,,Source quote checked 4 October 2026; often 2026/27 or an earlier 2026 semester. Future rates unconfirmed.,Subject-specific sociology or equivalent bachelor’s degree. Evidence in all four required areas: sociological theory; empirical social research methods; a sociology specialisation; a second specialisation / related social science. The provider refers to 10-ECTS requirements; confirm the exact allocation in the subject regulations rather than assuming 10 ECTS total.,5.5,IELTS Academic 5.5; confirm component minimums and certificate validity.,No minimum language level required,Please check this website .,https://www.uni-bielefeld.de/fakultaeten/soziologie/studium/international/track/,https://www.uni-bielefeld.de/studium/studieninteressierte/bewerbung/termine-fristen/master/,https://campus.uni-bielefeld.de/qisserver/pages/cs/sys/portal/hisinoneStartPage.faces,University-supplied DAAD entry,https://www.uni-bielefeld.de/fakultaeten/soziologie/studium/international/track/ | https://www.uni-bielefeld.de/studium/studieninteressierte/bewerbung/termine-fristen/master/ | https://www.uni-bielefeld.de/fees | https://www.uni-bielefeld.de/einrichtungen/zab/studierende/studieren/semesterticket/ | https://www2.daad.de/deutschland/studienangebote/international-programmes/en/detail/4267/,2026-10-04,daad-4267,No,Not started,
"World Studies: Orders, Politics, Cultures",Bielefeld University,Bielefeld,Society & development,Check subject credits,Conditional investigation,A relevant social/cultural-science transcript and a suitable academic writing sample are required.,Master of Arts,4 semesters,On campus / university-based; check programme format,Winter 2027/28,2027-07-15,Annual pattern; next cycle unconfirmed,1 June–15 July.,No suitable open winter 2026/27 route verified for this profile in this research.,0,€0 tuition; semester contribution and any listed extra charges are separate.,333,Approx. €333.00 per semester; verify the next intake rate.,,Source quote checked 4 October 2026; often 2026/27 or an earlier 2026 semester. Future rates unconfirmed.,"Relevant degree in law, sociology, political science, history, cultural studies or equivalent. Academic work sample must establish disciplinary and methodological fit.",5.5,IELTS Academic 5.5; confirm component minimums and certificate validity.,No minimum language level required,Please check this website .,https://www.uni-bielefeld.de/worldstudies,https://www.uni-bielefeld.de/worldstudies,,University-supplied DAAD entry,https://www.uni-bielefeld.de/worldstudies | https://www.uni-bielefeld.de/fees | https://www.uni-bielefeld.de/einrichtungen/zab/studierende/studieren/semesterticket/ | https://www2.daad.de/deutschland/studienangebote/international-programmes/en/detail/7128/,2026-10-04,daad-7128,No,Not started,
Environmental and Resource Management (MSc),Brandenburg University of Technology Cottbus-Senftenberg,Cottbus,Environment & sustainability,Check subject credits,Conditional investigation,"Natural-science, resource or socio-economic content must be relevant to environmental management.",Master of Science,4 semesters,On campus / university-based; check programme format,Winter 2027/28,2027-05-15,Annual pattern; next cycle unconfirmed,International application route: 1 March–15 May.,No suitable open winter 2026/27 route verified for this profile in this research.,0,€0 tuition; semester contribution and any listed extra charges are separate.,391.8,Approx. €391.80 per semester; verify the next intake rate.,,Source quote checked 4 October 2026; often 2026/27 or an earlier 2026 semester. Future rates unconfirmed.,"The basic admission requirement for the Master's programme is a degree (at least a Bachelor's degree) in which the course content demonstrates knowledge in several of the subject areas of natural sciences, environmental sciences, engineering sciences, or socioeconomics. The criterion for determining the subject requirement is a sufficient number of relevant completed modules from a qualifying academic degree for the selected field of study:
environmental sciences (e.g. biology, ecology, soil science, climatology, agronomy, forestry, water resources management, hydrology, geology);
environmental economics, planning, and law (e.g. environmental economics, environmental law, environmental planning, agricultural economics, environmental management, environmental policy, development economics, environmental governance);
environmental engineering (e.g. environmental engineering, process and plant engineering, treatment engineering, recycling management, hydro engineering, water engineering, wastewater and irrigation engineering, biotechnologies);
as well as the module contents of the ERM Bachelor's programme (for all fields of study).",6.0,IELTS Academic 6; confirm component minimums and certificate validity.,No minimum language level required,Please apply via uni-assist .,https://www.b-tu.de/en/environment-ms/,https://www.b-tu.de/en/environment-ms/,https://my.uni-assist.de/,University-supplied DAAD entry,https://www.b-tu.de/en/environment-ms/ | https://www.b-tu.de/en/study/during-studies/study-organization/formalities/semester-fee | https://www2.daad.de/deutschland/studienangebote/international-programmes/en/detail/3681/,2026-10-04,daad-3681,No,Not started,
MA International Tourism Development,Deggendorf Institute of Technology,Pfarrkirchen,Business & entrepreneurship,Check subject credits,Conditional investigation,"Current management study may help, but the qualifying first degree must be tourism/business/international-management related.",Master of Arts,3 semesters,On campus / university-based; check programme format,Summer 2027,2026-12-15,Annual pattern; next cycle unconfirmed,15 October–15 December.,No suitable open winter 2026/27 route verified for this profile in this research.,0,€0 tuition; separate mandatory non-EU service fee applies.,87,Approx. €87.00 per semester; verify the next intake rate.,Non-EU/EEA service fee €500/semester and application fee €60; student union rises to €92 from winter 2027/28.,Source quote checked 4 October 2026; often 2026/27 or an earlier 2026 semester. Future rates unconfirmed.,"Bachelor's degree (or equivalent) in tourism / business / international management or related courses
Successfully completed aptitude test",5.5,IELTS Academic 5.5; confirm component minimums and certificate validity.,No minimum language level required,Please check this website .,https://th-deg.de/itd-m-en,https://www.th-deg.de/en/apply#international,,University pages and university-supplied DAAD entry,https://www.th-deg.de/en/students/documents/application-and-service-fees | https://th-deg.de/itd-m-en | https://www2.daad.de/deutschland/studienangebote/international-programmes/en/detail/4601/,2026-10-04,daad-4601,No,Not started,
"Human Rights Studies in Politics, Law and Society",Fulda University of Applied Sciences,Fulda,Society & development,Check subject credits,Conditional investigation,Only realistic with substantial social-science or law credits; verify how the university classifies a BSc in Home Science.,Master of Arts,4 semesters,On campus / university-based; check programme format,Winter 2027/28,2027-06-15,Annual pattern; next cycle unconfirmed,Non-EU applicants with a foreign degree: 15 June. Other categories may have 15 July; residence alone does not change the degree category.,No suitable open winter 2026/27 route verified for this profile in this research.,0,€0 tuition; semester contribution and any listed extra charges are separate.,400,Approx. €400.00 per semester; verify the next intake rate.,,Source quote checked 4 October 2026; often 2026/27 or an earlier 2026 semester. Future rates unconfirmed.,"Relevant BA / LLB or equivalent, including 40 ECTS in social science / law. The university describes a route to make up up to 20 ECTS; confirm whether your existing degree and missing modules qualify.",5.5,IELTS Academic 5.5; confirm component minimums and certificate validity.,No minimum language level required,Please apply via uni-assist .,https://www.hs-fulda.de/en/departments/social-cultural-sciences/prospective-students/study-programmes/human-rights-studies-in-politics-law-and-society-ma,https://www.hs-fulda.de/en/study/how-do-i-apply/application-with-international-transcripts-of-records,https://my.uni-assist.de/,University-supplied DAAD entry,https://www.hs-fulda.de/en/departments/social-cultural-sciences/prospective-students/study-programmes/human-rights-studies-in-politics-law-and-society-ma | https://www.hs-fulda.de/en/study/how-do-i-apply/application-with-international-transcripts-of-records | https://www.hs-fulda.de/en/international/costs-and-funding | https://www2.daad.de/deutschland/studienangebote/international-programmes/en/detail/4885/,2026-10-04,daad-4885,No,Not started,
Adult Education and Management in Lifelong Education,Julius-Maximilians-Universität Würzburg,Würzburg,Education & family,Check subject credits,Conditional investigation,Possible only if your Home Science transcript contains substantial education / pedagogy content.,Master of Arts,"4 semesters, 8 semesters",On campus / university-based; check programme format,Summer 2027,2027-01-15,Annual pattern; next cycle unconfirmed,15 January for summer; 15 July for winter. Allow time for the VPD.,No suitable open winter 2026/27 route verified for this profile in this research.,0,€0 tuition; semester contribution and any listed extra charges are separate.,180,Approx. €180.00 per semester; verify the next intake rate.,,Source quote checked 4 October 2026; often 2026/27 or an earlier 2026 semester. Future rates unconfirmed.,"At least 180 ECTS; 40 ECTS in pedagogy, including at least 5 ECTS in each of at least two micro/meso/macro areas. Grade 1.7 or better, or 2.2 or better with a written-paper assessment. Choose English-taught electives.",6.0,IELTS Academic 6; confirm component minimums and certificate validity.,No German required for an English pathway; avoid the German-only elective group.,"Obtain uni-assist VPD, then follow the university application process.",https://www.paedagogik.uni-wuerzburg.de/studium/master-adult-education-and-management-in-lifelong-education-ma/,https://www.paedagogik.uni-wuerzburg.de/studium/master-adult-education-and-management-in-lifelong-education-ma/application-and-admission/,https://my.uni-assist.de/,University-supplied DAAD entry,https://www.paedagogik.uni-wuerzburg.de/studium/master-adult-education-and-management-in-lifelong-education-ma/ | https://www.paedagogik.uni-wuerzburg.de/studium/master-adult-education-and-management-in-lifelong-education-ma/application-and-admission/ | https://go.uniwue.de/mae-application | https://www2.daad.de/deutschland/studienangebote/international-programmes/en/detail/9145/,2026-10-04,daad-9145,No,Not started,
Cultural Studies: Culture and Organisation,Leuphana University Lüneburg,Lüneburg,Society & development,Check subject credits,Conditional investigation,Check the official consecutive-subject list against the exact social/cultural and organisation modules in your transcript.,Master of Arts,4 semesters,On campus / university-based; check programme format,Winter 2027/28,2027-05-01,Annual pattern; next cycle unconfirmed,Use 1 May for planning the non-EU / foreign-degree route; check the exact applicant category. EU-category deadline: 1 June.,No suitable open winter 2026/27 route verified for this profile in this research.,0,€0 tuition; semester contribution and any listed extra charges are separate.,450,Approx. €450.00 per semester; verify the next intake rate.,,Source quote checked 4 October 2026; often 2026/27 or an earlier 2026 semester. Future rates unconfirmed.,"At least 60 ECTS in relevant cultural, social-science, humanities, business/economics or other listed disciplines, plus at least 10 ECTS in scientific theory and methods. The exact module mapping is decided by the university.",5.5,"IELTS 5.5, Academic or General Training; certificate at most four years old under the university’s policy.",No minimum language level required,"• uni-assist
• Website",https://www.leuphana.de/en/graduate-school/masters-programmes/cultural-studies-culture-and-organization.html,https://www.leuphana.de/master-apply,https://my.uni-assist.de/,University pages and university-supplied DAAD entry,https://www.leuphana.de/fileadmin/user_upload/grad_school/files/2Master/Infoblaetter/EN/EN_Consecutive-Subjects.pdf | https://www.leuphana.de/en/graduate-school/masters-application/admission-requirements.html | https://www.leuphana.de/en/graduate-school/masters-programmes/cultural-studies-culture-and-organization.html | https://www.leuphana.de/en/graduate-school/masters-programmes/cultural-studies-culture-and-organization/culture-language-literature.html | https://www.uni-assist.de/bewerben/online-bewerben/ | https://www2.daad.de/deutschland/studienangebote/international-programmes/en/detail/6923/,2026-10-04,daad-6923,No,Not started,
Social Work Research,Leuphana University Lüneburg,Lüneburg,Education & family,Check subject credits,Conditional investigation,"Child/family and social-science coursework may be relevant, but the credit threshold is substantial.",Master of Science,4 semesters,On campus / university-based; check programme format,Winter 2027/28,2027-05-01,Annual pattern; next cycle unconfirmed,Use 1 May for planning the non-EU / foreign-degree route; check the exact applicant category. EU-category deadline: 1 June.,No suitable open winter 2026/27 route verified for this profile in this research.,0,€0 tuition; semester contribution and any listed extra charges are separate.,450,Approx. €450.00 per semester; verify the next intake rate.,,Source quote checked 4 October 2026; often 2026/27 or an earlier 2026 semester. Future rates unconfirmed.,"At least 60 ECTS in the listed relevant fields (including childhood education, education, psychology, social work/sciences, law or politics), plus at least 15 ECTS quantitative/qualitative empirical methods. Missing credits cannot simply be made up after enrolment.",5.5,"IELTS 5.5, Academic or General Training; certificate at most four years old under the university’s policy.",No minimum language level required,"• uni-assist
• Website",https://www.leuphana.de/en/graduate-school/masters-programmes/social-work-research.html,https://www.leuphana.de/en/graduate-school/masters-programmes/social-work-research/admission-and-requirements.html,https://my.uni-assist.de/,University pages and university-supplied DAAD entry,https://www.leuphana.de/fileadmin/user_upload/grad_school/files/2Master/Infoblaetter/EN/EN_Consecutive-Subjects.pdf | https://www.leuphana.de/en/graduate-school/masters-application/admission-requirements.html | https://www.leuphana.de/en/graduate-school/masters-programmes/social-work-research.html | https://www.uni-assist.de/bewerben/online-bewerben/ | https://www2.daad.de/deutschland/studienangebote/international-programmes/en/detail/10625/,2026-10-04,daad-10625,No,Not started,
"Sustainability Science: Ecosystems, Biodiversity and Society",Leuphana University Lüneburg,Lüneburg,Environment & sustainability,Check subject credits,Conditional investigation,Nutrition or general household studies do not automatically count as ecology/environmental science.,Master of Science,4 semesters,On campus / university-based; check programme format,Winter 2027/28,2027-05-01,Annual pattern; next cycle unconfirmed,Use 1 May for planning the non-EU / foreign-degree route; check the exact applicant category. EU-category deadline: 1 June.,No suitable open winter 2026/27 route verified for this profile in this research.,0,€0 tuition; semester contribution and any listed extra charges are separate.,450,Approx. €450.00 per semester; verify the next intake rate.,,Source quote checked 4 October 2026; often 2026/27 or an earlier 2026 semester. Future rates unconfirmed.,"At least 60 ECTS in the listed ecology, environmental science, geography, sustainability or related disciplines, including at least 30 ECTS directly linked to sustainability.",5.5,"IELTS 5.5, Academic or General Training; certificate at most four years old under the university’s policy.",No minimum language level required,"• uni-assist
• Website",https://www.leuphana.de/en/graduate-school/masters-programmes/sustainability-science-ecosystems-biodiversity-and-society.html,https://www.leuphana.de/master-apply,https://my.uni-assist.de/,University pages and university-supplied DAAD entry,https://www.leuphana.de/fileadmin/user_upload/grad_school/files/2Master/Infoblaetter/EN/EN_Consecutive-Subjects.pdf | https://www.leuphana.de/en/graduate-school/masters-application/admission-requirements.html | https://www.leuphana.de/en/graduate-school/masters-programmes/sustainability-science-ecosystems-biodiversity-and-society.html | https://www.uni-assist.de/bewerben/online-bewerben/ | https://www2.daad.de/deutschland/studienangebote/international-programmes/en/detail/9695/,2026-10-04,daad-9695,No,Not started,
Sustainability Science: Governance and Law,Leuphana University Lüneburg,Lüneburg,Society & development,Check subject credits,Conditional investigation,A substantial social-science/law component is required.,Master of Arts,4 semesters,On campus / university-based; check programme format,Winter 2027/28,2027-05-01,Annual pattern; next cycle unconfirmed,Use 1 May for planning the non-EU / foreign-degree route; check the exact applicant category. EU-category deadline: 1 June.,No suitable open winter 2026/27 route verified for this profile in this research.,0,€0 tuition; semester contribution and any listed extra charges are separate.,450,Approx. €450.00 per semester; verify the next intake rate.,,Source quote checked 4 October 2026; often 2026/27 or an earlier 2026 semester. Future rates unconfirmed.,At least 60 ECTS in relevant social-science/law modules from the listed disciplines. The official consecutive-subject sheet includes additional specifications for law content.,5.5,"IELTS 5.5, Academic or General Training; certificate at most four years old under the university’s policy.",No minimum language level required,"• uni-assist
• Website",https://www.leuphana.de/en/graduate-school/masters-programmes/sustainability-science-governance-and-law.html,https://www.leuphana.de/master-apply,https://my.uni-assist.de/,University pages and university-supplied DAAD entry,https://www.leuphana.de/fileadmin/user_upload/grad_school/files/2Master/Infoblaetter/EN/EN_Consecutive-Subjects.pdf | https://www.leuphana.de/en/graduate-school/masters-application/admission-requirements.html | https://www.leuphana.de/en/graduate-school/masters-programmes/sustainability-science-governance-and-law.html | https://www.uni-assist.de/bewerben/online-bewerben/ | https://www2.daad.de/deutschland/studienangebote/international-programmes/en/detail/9703/,2026-10-04,daad-9703,No,Not started,
MSc Psychology: Learning Sciences and Human Development,Ludwig-Maximilians-Universität München,München,Education & family,Check subject credits,Conditional investigation,Strict credit checks: an interest in psychology alone is insufficient.,Master of Science,4 semesters,On campus / university-based; check programme format,Winter 2027/28,2027-03-01,Annual pattern; next cycle unconfirmed,15 January–1 March.,No suitable open winter 2026/27 route verified for this profile in this research.,0,€0 tuition; semester contribution and any listed extra charges are separate.,97,Approx. €97.00 per semester; verify the next intake rate.,,Source quote checked 4 October 2026; often 2026/27 or an earlier 2026 semester. Future rates unconfirmed.,"Relevant bachelor’s degree with at least 20 ECTS in learning sciences, 20 ECTS in research methods/statistics and 10 ECTS in academic skills. Selection test and interview.",,B2 assessed in the selection process; IELTS 6.0 alone does not waive the assessment.,No minimum language level required,Please check this website .,https://www.lmu.de/psy/de/studium/m.sc.-psychology-learning-sciences/,https://www.lmu.de/psy/de/studium/m.sc.-psychology-learning-sciences/,,University-supplied DAAD entry,https://www.lmu.de/psy/de/studium/m.sc.-psychology-learning-sciences/ | https://www2.daad.de/deutschland/studienangebote/international-programmes/en/detail/4205/,2026-10-04,daad-4205,No,Not started,
Master of Integrated Design (MID),OWL University of Applied Sciences and Arts,Detmold,Design & art,Check subject credits,Conditional investigation,The interior design component must include enough scientific/engineering and building-design content; a minor may be insufficient.,Master of Engineering,4 semesters,On campus / university-based; check programme format,Winter 2027/28,2027-03-31,Annual pattern; next cycle unconfirmed,Non-EU: 1 February–31 March. EU route differs.,No suitable open winter 2026/27 route verified for this profile in this research.,0,€0 tuition; semester contribution and any listed extra charges are separate.,,A semester contribution applies; current amount not verified.,"Semester contribution exists, but its current amount was not verified; additional off-campus teaching expenses possible.",Source quote checked 4 October 2026; often 2026/27 or an earlier 2026 semester. Future rates unconfirmed.,"At least 180 ECTS in a degree with substantial scientific/engineering content and a building, interior, structural or façade design focus. Portfolio, motivation and methodological aptitude; a three-month relevant internship is recommended.",6.0,IELTS Academic 6; confirm component minimums and certificate validity.,No minimum language level required,"• uni-assist
• Website",https://www.th-owl.de/en/studies/available-courses/degree-programs/detail/master-of-integrated-design/,https://www.th-owl.de/en/studies/application-and-enrollment/semester-dues/,https://my.uni-assist.de/,University-supplied DAAD entry,https://www.th-owl.de/en/studies/available-courses/degree-programs/detail/master-of-integrated-design/ | https://www.th-owl.de/en/studies/application-and-enrollment/semester-dues/ | https://www2.daad.de/deutschland/studienangebote/international-programmes/en/detail/5347/,2026-10-04,daad-5347,No,Not started,
MA Conflict Studies and Peacebuilding,Osnabrück University,Osnabrück,Society & development,Check subject credits,Conditional investigation,Check whether social-science and research modules meet the programme’s relevant-field requirement.,Master of Arts,4 semesters,On campus / university-based; check programme format,Winter 2027/28,2027-06-15,Annual pattern; next cycle unconfirmed,Foreign qualifications: 1 April–15 June.,No suitable open winter 2026/27 route verified for this profile in this research.,0,€0 tuition; semester contribution and any listed extra charges are separate.,350,Approx. €350.00 per semester; verify the next intake rate.,,Source quote checked 4 October 2026; often 2026/27 or an earlier 2026 semester. Future rates unconfirmed.,"Relevant political/social-science or related degree, with at least 30 ECTS relevant content including methods. Subject fit and selection apply.",5.5,IELTS Academic 5.5; confirm component minimums and certificate validity.,No minimum language level required,Please apply via uni-assist .,https://www.uni-osnabrueck.de/fb1/cecop/en/center-for-the-study-of-conflict-peace/ma-conflict-studies-and-peacebuilding,https://www.uni-osnabrueck.de/en/studying/application-and-start-of-studies/application-admission-and-enrollment/application-information-for-international-students/application-via-uni-assist-ev,,University-supplied DAAD entry,https://www.uni-osnabrueck.de/fb1/cecop/en/center-for-the-study-of-conflict-peace/ma-conflict-studies-and-peacebuilding | https://www.uni-osnabrueck.de/en/studying/application-and-start-of-studies/application-admission-and-enrollment/application-information-for-international-students/application-via-uni-assist-ev | https://www.uni-osnabrueck.de/en/studying/organization-of-studies/admissions-office | https://www2.daad.de/deutschland/studienangebote/international-programmes/en/detail/7689/,2026-10-04,daad-7689,No,Not started,
Environmental Challenges and Human Responses,RPTU University Kaiserslautern-Landau,Landau in der Pfalz,Environment & sustainability,Check subject credits,Conditional investigation,"Interdisciplinary subject access is useful, but the quantified methods requirement is decisive.",Master of Science,4 semesters,On campus / university-based; check programme format,Winter 2027/28,2027-06-15,Annual pattern; next cycle unconfirmed,Non-EU / foreign-qualification route: 15 June; confirm the current portal window.,No suitable open winter 2026/27 route verified for this profile in this research.,0,€0 tuition; semester contribution and any listed extra charges are separate.,160,Approx. €160.00 per semester; verify the next intake rate.,,Source quote checked 4 October 2026; often 2026/27 or an earlier 2026 semester. Future rates unconfirmed.,"At least 180 ECTS; 14 ECTS methods/statistics including 10 quantitative, or 8 ECTS methods plus 6 computing; at least 20 ECTS relevant social/natural/environmental or other specified subject content.",,B2 recommended; the provider says no formal language certificate is required. Confirm current admission rules.,An English pathway is available; a German-taught urban elective can be avoided.,Please apply via uni-assist .,https://nuw.rptu.de/studieninteressierte/interdisziplinaere-studiengaenge/msc-environmental-challenges-and-human-responses,https://nuw.rptu.de/studieninteressierte/interdisziplinaere-studiengaenge/msc-environmental-challenges-and-human-responses/admission-requirements,https://my.uni-assist.de/,University-supplied DAAD entry,https://nuw.rptu.de/studieninteressierte/interdisziplinaere-studiengaenge/msc-environmental-challenges-and-human-responses | https://nuw.rptu.de/studieninteressierte/interdisziplinaere-studiengaenge/msc-environmental-challenges-and-human-responses/admission-requirements | https://rptu.de/international/master/prospective-students-landau/why-rptu-landau/fees-living-expenses | https://www2.daad.de/deutschland/studienangebote/international-programmes/en/detail/9647/,2026-10-04,daad-9647,No,Not started,
"Sustainable Development Management, MA",Rhine-Waal University of Applied Sciences,Kleve,Society & development,Check subject credits,Conditional investigation,Home Science must be accepted as a relevant social-science degree; the general title is not enough.,Master of Arts,3 semesters,On campus / university-based; check programme format,Summer 2027,2027-01-15,Annual pattern; next cycle unconfirmed,15 January for summer; 15 July for winter.,No suitable open winter 2026/27 route verified for this profile in this research.,0,€0 tuition; semester contribution and any listed extra charges are separate.,300,Approx. €300.00 per semester; verify the next intake rate.,,Source quote checked 4 October 2026; often 2026/27 or an earlier 2026 semester. Future rates unconfirmed.,"Relevant social-science, economics or industrial/business engineering degree; grade 2.5 or better; 210 ECTS, or an approved 180-plus-30 learning arrangement.",5.5,IELTS Academic 5.5; confirm component minimums and certificate validity.,No minimum language level required,Please apply via uni-assist .,https://www.hochschule-rhein-waal.de/en/faculties/society-and-economics/degree-programmes/sustainable-development-management-ma,https://www.hochschule-rhein-waal.de/en/academics/prospective-students/current-application-period/masters-programmes,https://my.uni-assist.de/,University-supplied DAAD entry,https://www.hochschule-rhein-waal.de/en/faculties/society-and-economics/degree-programmes/sustainable-development-management-ma | https://www.hochschule-rhein-waal.de/en/academics/prospective-students/current-application-period/masters-programmes | https://www.study-in-germany.de/en/plan-your-stay/money-and-costs/cost-of-living_28220.php | https://www.hochschule-rhein-waal.de/en/study/before-starting-university/application-process/masters-degrees | https://www.uni-assist.de/bewerben/online-bewerben/ | https://www2.daad.de/deutschland/studienangebote/international-programmes/en/detail/4687/,2026-10-04,daad-4687,No,Not started,
Master of Science in Educational Technology (EduTech),Saarland University,Saarbrücken,Education & family,Check subject credits,Conditional investigation,Child development / education plus research methods may be relevant. Other fields face a much stronger grade condition.,Master of Science,4 semesters,On campus / university-based; check programme format,Winter 2027/28,2027-06-15,Published 2027 dates,17 May–15 June 2027.,No suitable open winter 2026/27 route verified for this profile in this research.,0,€0 tuition; semester contribution and any listed extra charges are separate.,394.3,Approx. €394.30 per semester; verify the next intake rate.,,Source quote checked 4 October 2026; often 2026/27 or an earlier 2026 semester. Future rates unconfirmed.,"Psychology, education, computer science or a related degree with German grade 3.0 or better. Other relevant fields require 1.5 or better and available capacity. The board decides whether Home Science is related.",6.0,IELTS Academic 6; confirm component minimums and certificate validity.,No minimum language level required,Please check this website .,https://edutech.uni-saarland.de/,https://edutech.uni-saarland.de/studies/apply,,University pages and university-supplied DAAD entry,https://edutech.uni-saarland.de/studies/apply | https://edutech.uni-saarland.de/ | https://www.uni-saarland.de/en/study/organisation/fees/semester-fee.html | https://www.uni-saarland.de/studium/bewerbung/grundstaendig/oertlich.html | https://www2.daad.de/deutschland/studienangebote/international-programmes/en/detail/4397/,2026-10-04,daad-4397,No,Not started,
Integrated Water Resources Management (MSc),Technische Hochschule Köln - University of Applied Sciences,Köln,Environment & sustainability,Check subject credits,Conditional investigation,Possible only with demonstrable water/resource/environmental relevance in the degree; ask for a subject assessment.,Master of Science,4 semesters,On campus / university-based; check programme format,Winter 2027/28,2027-03-31,Annual pattern; next cycle unconfirmed,"Foreign-degree, self-funded route: early February–31 March (2026 published pattern; 2027 must be confirmed). Scholarship deadlines are separate.",No suitable open winter 2026/27 route verified for this profile in this research.,0,€0 tuition; semester contribution and any listed extra charges are separate.,353,Approx. €353.00 per semester; verify the next intake rate.,,Source quote checked 4 October 2026; often 2026/27 or an earlier 2026 semester. Future rates unconfirmed.,Recognised first degree in a suitable field with German grade 3.0 or better; programme aptitude assessment. Consult the linked admission information sheet for the exact relevant-subject requirements.,6,"IELTS Academic 6.0, with at least 5.5 in EVERY component.",No minimum language level required,International applicants without a German first degree: uni-assist. Self-funded and scholarship applications have different deadlines.,https://www.th-koeln.de/en/academics/integrated-water-resources-management-masters-program_6988.php,https://www.th-koeln.de/en/academics/integrated-water-resources-management-masters-program---how-to-apply_10942.php,https://my.uni-assist.de/,University pages and university-supplied DAAD entry,https://www.th-koeln.de/en/academics/integrated-water-resources-management-masters-program---how-to-apply_10942.php | https://www.th-koeln.de/en/academics/integrated-water-resources-management-masters-program_6988.php | https://www2.daad.de/deutschland/studienangebote/international-programmes/en/detail/4523/,2026-10-04,daad-4523,No,Not started,
Natural Resources Management and Development (MSc),Technische Hochschule Köln - University of Applied Sciences,Köln,Environment & sustainability,Check subject credits,Conditional investigation,Potential route with documented environmental/resource-management modules; household management is not automatically natural-resource management.,Master of Science,4 semesters,On campus / university-based; check programme format,Winter 2027/28,2027-03-31,Annual pattern; next cycle unconfirmed,"Foreign-degree, self-funded route: early February–31 March (2026 published pattern; 2027 must be confirmed). Scholarship deadlines are separate.",No suitable open winter 2026/27 route verified for this profile in this research.,0,€0 tuition; semester contribution and any listed extra charges are separate.,353,Approx. €353.00 per semester; verify the next intake rate.,,Source quote checked 4 October 2026; often 2026/27 or an earlier 2026 semester. Future rates unconfirmed.,"Relevant BA/BSc, German grade 3.0 or better and at least 15 ECTS visibly connected to natural resources management. Motivation letter (500 words), two-page research proposal and selection. Relevant work helps but is not mandatory for the self-funded route.",6,"IELTS Academic 6.0, with at least 5.5 in EVERY component.",No minimum language level required,International applicants without a German first degree: uni-assist. Self-funded and scholarship applications have different deadlines.,https://www.th-koeln.de/en/academics/natural-resources-management-and-development-masters-program_6989.php,https://www.th-koeln.de/en/academics/natural-resources-management-and-development-masters-program_6989.php,https://my.uni-assist.de/,University pages and university-supplied DAAD entry,https://www.th-koeln.de/mam/downloads/deutsch/studium/studiengaenge/itt/bewerbung/itt_informationen_ma_nrm.pdf | https://www.th-koeln.de/en/academics/natural-resources-management-and-development-masters-program_10753.php | https://www.th-koeln.de/en/academics/natural-resources-management-and-development-masters-program_6989.php | https://www2.daad.de/deutschland/studienangebote/international-programmes/en/detail/4189/,2026-10-04,daad-4189,No,Not started,
MA Research on Learning and Instruction,University of Augsburg,Augsburg,Education & family,Check subject credits,Conditional investigation,"Relevant only with learning, education or psychological research content and methods in the transcript.",Master of Arts,4 semesters,On campus / university-based; check programme format,Winter 2027/28,2027-06-15,Annual pattern; next cycle unconfirmed,"15 June final deadline. 15 January is an early recommendation for visa lead time, not the final application deadline.",No suitable open winter 2026/27 route verified for this profile in this research.,0,€0 tuition; semester contribution and any listed extra charges are separate.,177.25,Approx. €177.25 per semester; verify the next intake rate.,,Source quote checked 4 October 2026; often 2026/27 or an earlier 2026 semester. Future rates unconfirmed.,"Relevant education, psychology, communication or comparable degree; documented theoretical and methodological/statistical preparation. Programme selection applies.",5.5,IELTS Academic 5.5; confirm component minimums and certificate validity.,No minimum language level required,Please check this website .,https://www.uni-augsburg.de/en/fakultaet/philsoz/studiengange-philsoz/rli/,https://www.uni-augsburg.de/en/fakultaet/philsoz/studiengange-philsoz/rli/,,University-supplied DAAD entry,https://www.uni-augsburg.de/en/fakultaet/philsoz/studiengange-philsoz/rli/ | https://www2.daad.de/deutschland/studienangebote/international-programmes/en/detail/8945/,2026-10-04,daad-8945,No,Not started,
Master of Arts in Social and Cultural Anthropology,University of Cologne,Köln,Society & development,Check subject credits,Conditional investigation,Potential only if family/social-science studies supply the required anthropology-related content and methods.,Master of Arts,4 semesters,On campus / university-based; check programme format,Summer 2027,2027-03-01,Annual pattern; next cycle unconfirmed,Summer: 1 December–1 March. Winter: 1 June–1 September. VPD must be ready for the university application.,No suitable open winter 2026/27 route verified for this profile in this research.,0,€0 tuition; semester contribution and any listed extra charges are separate.,335.65,Approx. €335.65 per semester; verify the next intake rate.,,Source quote checked 4 October 2026; often 2026/27 or an earlier 2026 semester. Future rates unconfirmed.,"Anthropology or an accepted related degree with at least 40 relevant ECTS, including modern social-science theories/methods and appropriate anthropological knowledge. Grade 2.5 or better.",,B2; provider describes a placement/interview route. Confirm accepted IELTS evidence with admissions.,No minimum language level required,"Obtain uni-assist VPD, then follow the Faculty of Arts and Humanities master’s application procedure.",https://uni.koeln/TQ7Z9,https://phil-fak.uni-koeln.de/en/study/masters-degree-application,https://my.uni-assist.de/,University-supplied DAAD entry,https://uni.koeln/TQ7Z9 | https://phil-fak.uni-koeln.de/en/study/masters-degree-application | https://www.uni-assist.de/en/how-to-apply/plan-your-application/vpd/ | https://www2.daad.de/deutschland/studienangebote/international-programmes/en/detail/9656/,2026-10-04,daad-9656,No,Not started,
"Agriculture, Ecology & Societies (AGES)",University of Kassel,Witzenhausen,Environment & sustainability,Check subject credits,Conditional investigation,"Nutrition, home economics or social-science modules might provide a connection; agricultural/social relevance still needs assessment.",Master of Arts,4 semesters,On campus / university-based; check programme format,Winter 2027/28,2027-03-01,Annual pattern; next cycle unconfirmed,Foreign qualifications: 1 December–1 March.,No suitable open winter 2026/27 route verified for this profile in this research.,0,€0 tuition; semester contribution and any listed extra charges are separate.,391.27,Approx. €391.27 per semester; verify the next intake rate.,,Source quote checked 4 October 2026; often 2026/27 or an earlier 2026 semester. Future rates unconfirmed.,"Above-average relevant degree in agricultural sciences, social sciences, economics, humanities or a comparable field. Motivation and relevant academic preparation.",5.5,IELTS Academic 5.5; confirm component minimums and certificate validity.,No minimum language level required,Please apply via uni-assist .,https://www.uni-kassel.de/uni/en/study/agriculture-ecology-and-societies-master.html,https://www.uni-kassel.de/uni/en/studium/vor-der-bewerbung/rund-um-die-studienplatzbewerbung/sprachnachweis-fuer-eine-fremdsprache.html,https://my.uni-assist.de/,University-supplied DAAD entry,https://www.uni-kassel.de/uni/en/study/agriculture-ecology-and-societies-master.html | https://www.uni-kassel.de/uni/en/studium/vor-der-bewerbung/rund-um-die-studienplatzbewerbung/sprachnachweis-fuer-eine-fremdsprache.html | https://www.uni-kassel.de/uni/en/study/agriculture-ecology-and-societies-master/application-and-admission/application-with-foreign-certificates.html | https://www.uni-kassel.de/uni/en/international-service/coming-to-kassel/studying-in-kassel/during-studies/semester-fee-1.html | https://www.uni-kassel.de/uni/en/study/agriculture-ecology-and-societies-master/application-and-admission.html | https://www2.daad.de/deutschland/studienangebote/international-programmes/en/detail/8543/,2026-10-04,daad-8543,No,Not started,
Master of Arts in Development Studies,University of Passau,Passau,Society & development,Check subject credits,Conditional investigation,Possible only with a large social-science/economics component and the specified quantitative preparation.,Master of Arts,4 semesters,On campus / university-based; check programme format,Winter 2027/28,2027-05-31,Annual pattern; next cycle unconfirmed,15 April–31 May.,No suitable open winter 2026/27 route verified for this profile in this research.,0,€0 tuition; semester contribution and any listed extra charges are separate.,130,Approx. €130.00 per semester; verify the next intake rate.,,Source quote checked 4 October 2026; often 2026/27 or an earlier 2026 semester. Future rates unconfirmed.,"At least 60 ECTS in the designated social-science/economics fields, including 10 ECTS empirical methods, mathematics or statistics. Generic research-methods credits may not count. Grade 2.5 or better, or top 50% of the cohort.",5.5,IELTS Academic 5.5; confirm component minimums and certificate validity.,No minimum language level required,Please check this website .,https://www.uni-passau.de/en/ma-devstudies/,https://www.uni-passau.de/en/apply,,University-supplied DAAD entry,https://www.uni-passau.de/en/ma-devstudies/ | https://www2.daad.de/deutschland/studienangebote/international-programmes/en/detail/3922/,2026-10-04,daad-3922,No,Not started,
MSc Global Public Health,Deggendorf Institute of Technology,Pfarrkirchen,Health,Experience / extra credits,Conditional investigation,Home Science health/nutrition content could be relevant; confirm 180-ECTS admission and the additional 30 credits.,Master of Science,3 semesters,On campus / university-based; check programme format,Winter 2027/28,2027-06-15,Annual pattern; next cycle unconfirmed,15 April–15 June.,No suitable open winter 2026/27 route verified for this profile in this research.,0,€0 tuition; a separate mandatory non-EU service fee applies.,92,Approx. €92.00 per semester; verify the next intake rate.,"Non-EU/EEA service fee: €500 per semester, plus €60 application fee. Student union: €87 in summer 2027; €92 from winter 2027/28.",Source quote checked 4 October 2026; often 2026/27 or an earlier 2026 semester. Future rates unconfirmed.,"Health, natural science or a relevant first degree; normally 210 ECTS, with a 30-ECTS make-up route for accepted 180-ECTS applicants. Admission test.",5.5,IELTS Academic 5.5; confirm component minimums and certificate validity.,No minimum language level required,Please check this website .,https://www.th-deg.de/gph-m-en,https://th-deg.de/en/apply#language-requirements,,University pages and university-supplied DAAD entry,https://www.th-deg.de/en/students/documents/application-and-service-fees | https://www.th-deg.de/gph-m-en | https://th-deg.de/en/apply#language-requirements | https://www2.daad.de/deutschland/studienangebote/international-programmes/en/detail/7728/,2026-10-04,daad-7728,No,Not started,
Sustainable Tourism Management (STM),Eberswalde University for Sustainable Development,Eberswalde,Business & entrepreneurship,Experience / extra credits,Conditional investigation,Requires tourism content or accepted practical tourism management experience; general management enrolment is insufficient.,Master of Arts,4 semesters,On campus / university-based; check programme format,Winter 2027/28,2027-06-01,Annual pattern; next cycle unconfirmed,Non-EU: 1 March–1 June. EU/EEA category: 15 July.,No suitable open winter 2026/27 route verified for this profile in this research.,0,€0 tuition; semester contribution and any listed extra charges are separate.,376,Approx. €376.00 per semester; verify the next intake rate.,,Source quote checked 4 October 2026; often 2026/27 or an earlier 2026 semester. Future rates unconfirmed.,Relevant bachelor of at least 180 ECTS with at least 30 ECTS tourism; programme head may consider compensating practical experience. Confirm accepted English B2 evidence.,,B2; the exact IELTS threshold was not verified. Confirm directly.,No minimum language level required,Please apply via uni-assist .,https://www.hnee.de/en/studies/master-programmes/sustainable-tourism-management,https://www.hnee.de/en/studies/master-programmes/sustainable-tourism-management,https://my.uni-assist.de/,University-supplied DAAD entry,https://www.hnee.de/en/studies/master-programmes/sustainable-tourism-management | https://www2.daad.de/deutschland/studienangebote/international-programmes/en/detail/10444/,2026-10-04,daad-10444,No,Not started,
International Tourism Management (ITM),FH Westküste University of Applied Sciences,Heide,Business & entrepreneurship,Experience / extra credits,Conditional investigation,A non-related degree needs at least three years of responsible tourism work; related degrees have specific economics/tourism requirements.,Master of Arts,4 semesters,On campus / university-based; check programme format,Winter 2027/28,2027-07-15,Annual pattern; next cycle unconfirmed,30 April–15 July.,No suitable open winter 2026/27 route verified for this profile in this research.,0,€0 tuition; semester contribution and any listed extra charges are separate.,161,Approx. €161.00 per semester; verify the next intake rate.,,Source quote checked 4 October 2026; often 2026/27 or an earlier 2026 semester. Future rates unconfirmed.,"At least 180 ECTS and grade 2.5 or better. Related degree: 10 ECTS economics plus 10 ECTS tourism, or 10 economics ECTS plus 18 months tourism work. Non-related degree: three years responsible tourism work or the specified tourism-training/business-degree combination. Aptitude test.",6.0,IELTS Academic 6; confirm component minimums and certificate validity.,No minimum language level required,Please check this website .,https://willkommen.fh-westkueste.de/de/master-international-tourism-management,https://willkommen.fh-westkueste.de/en/application,,University-supplied DAAD entry,https://willkommen.fh-westkueste.de/de/master-international-tourism-management | https://willkommen.fh-westkueste.de/en/application | https://www2.daad.de/deutschland/studienangebote/international-programmes/en/detail/4038/,2026-10-04,daad-4038,No,Not started,
Social Entrepreneurship for Sustainable Development (MA),Neu-Ulm University of Applied Sciences,Neu-Ulm,Business & entrepreneurship,Experience / extra credits,Conditional investigation,Broad alternative if the credit total is accepted; economics knowledge can be tested.,Master of Arts,3 semesters,On campus / university-based; check programme format,Winter 2027/28,2027-07-15,Annual pattern; next cycle unconfirmed,Non-EU route: 2 May–15 July.,No suitable open winter 2026/27 route verified for this profile in this research.,0,€0 tuition; semester contribution and any listed extra charges are separate.,100,Approx. €100.00 per semester; verify the next intake rate.,,Source quote checked 4 October 2026; often 2026/27 or an earlier 2026 semester. Future rates unconfirmed.,"Normally 210 ECTS, German grade 2.5 or better and 5 ECTS economics or an oral knowledge test. Ask about the remedy for a 180-ECTS-equivalent degree. German A1 must be submitted by the end of semester one.",5.5,B2; IELTS Academic 5.5.,A1 by the end of the first semester.,Please check this website .,https://www.hnu.de/en/studies/degree-programmes/masters-programmes/social-entrepreneurship-for-sustainable-development-ma,https://www.hnu.de/en/studies/before-the-study/application/application-procedure-admission#c1107692,,University-supplied DAAD entry,https://www.hnu.de/en/studies/degree-programmes/masters-programmes/social-entrepreneurship-for-sustainable-development-ma | https://www.hnu.de/en/studies/before-the-study/application/application-procedure-admission#c1107692 | https://www.hnu.de/en/studies/before-the-study/application/application-for-international-students | https://www.hnu.de/en/studies/before-the-study/application/application-procedure-admission | https://www2.daad.de/deutschland/studienangebote/international-programmes/en/detail/8538/,2026-10-04,daad-8538,No,Not started,
MFA Media Art and Design — English track,Bauhaus-Universität Weimar,Weimar,Design & art,Higher English score,Conditional investigation,"Design/art subject relevance and portfolio are plausible, but the current IELTS 6.0 and German A1 are below the published language requirements.",Master of Fine Arts,4 semesters; normally 2 extra bridging semesters for a 180-ECTS bachelor,On campus,Winter 2027/28,2027-03-31,Annual pattern; next cycle unconfirmed,Master’s aptitude application: 2 February–31 March. Do not use the bachelor’s April deadline.,The winter 2026/27 application cycle has passed. Language requirements are also unmet.,0,€0 tuition; semester contribution is separate.,340,Approximately €340 per semester.,€20 one-time student card; materials and possible bridging semesters extra.,Current university fee pages checked 4 October 2026; future rates can change.,Relevant design/art/media first degree and artistic aptitude/portfolio. A 180-ECTS degree normally entails two additional bridging semesters. English C1 / IELTS 7.0 and German A2 required for the English route.,7,C1; IELTS Academic 7.0.,A2 required; current A1 is insufficient.,Faculty aptitude application first; follow the programme’s enrolment steps after passing.,https://www.uni-weimar.de/en/art-and-design/studies/media-art-and-design/,https://www.uni-weimar.de/en/art-and-design/studies/information-for-students-applicants/application/application-for-the-aptitude-test-in-the-degree-programmes-media-art-and-design/,,Direct university programme and admissions pages,https://www.uni-weimar.de/en/art-and-design/studies/media-art-and-design/ | https://www.uni-weimar.de/en/art-and-design/studies/information-for-students-applicants/application/application-for-the-aptitude-test-in-the-degree-programmes-media-art-and-design/,2026-10-04,weimar-media-art,No,Not started,
Heritage Conservation and Site Management,Brandenburg University of Technology Cottbus-Senftenberg,Cottbus,Design & art,Higher English score,Conditional investigation,Relevant heritage/built-environment degree and IELTS 6.5 required; the programme includes study in Egypt.,Master of Arts,4 semesters,On campus / university-based; check programme format,Winter 2027/28,2027-07-15,Annual pattern; next cycle unconfirmed,Foreign-degree route: 15 July; confirm all joint-programme requirements.,No suitable open winter 2026/27 route verified for this profile in this research.,0,€0 tuition; semester contribution and any listed extra charges are separate.,391.8,Approx. €391.80 per semester; verify the next intake rate.,"Mandatory Egypt exchange entails travel, visa, accommodation and potentially partner charges; verify the full budget.",Source quote checked 4 October 2026; often 2026/27 or an earlier 2026 semester. Future rates unconfirmed.,"Applicants must hold a first university degree (minimum Bachelor's degree) in archaeology, tourism, architecture, conservation, history, or equivalent qualifications. Equivalence is determined by the examination board on the basis of the application documents submitted by the candidate.
Candidates with professional experience relevant to heritage are also encouraged to apply.",6.5,IELTS Academic 6.5; confirm component minimums and certificate validity.,No minimum language level required,Please apply via uni-assist .,https://www.b-tu.de/en/heritageconservation-ma/,https://www.b-tu.de/en/heritageconservation-ma/admissions#c266203,https://my.uni-assist.de/,University-supplied DAAD entry,https://www.b-tu.de/en/heritageconservation-ma/ | https://www.b-tu.de/en/heritageconservation-ma/admissions#c266203 | https://www.b-tu.de/en/heritageconservation-ma/admissions | https://www.b-tu.de/en/study/during-studies/study-organization/formalities/semester-fee | https://www2.daad.de/deutschland/studienangebote/international-programmes/en/detail/4450/,2026-10-04,daad-4450,No,Not started,
World Heritage Studies,Brandenburg University of Technology Cottbus-Senftenberg,Cottbus,Design & art,Higher English score,Conditional investigation,Heritage/cultural content may fit; the published IELTS 6.5 threshold is above the current score.,Master of Arts,4 semesters,"On campus — select this route, not the separate online programme",Winter 2027/28,2027-07-15,Annual pattern; next cycle unconfirmed,On-campus programme: foreign non-EU degree route 15 July; EU foreign-degree route 15 August; German-degree route 31 August. Do not use a later category just because you live in Germany.,No suitable open winter 2026/27 route verified for this profile in this research.,0,€0 tuition; semester contribution and any listed extra charges are separate.,391.8,Approx. €391.80 per semester; verify the next intake rate.,,Source quote checked 4 October 2026; often 2026/27 or an earlier 2026 semester. Future rates unconfirmed.,"Applicants should have a Bachelor of Arts (BA) degree or equivalent in cultural sciences or other study areas relevant to the World Heritage Studies curriculum (humanities, social sciences, architecture, archaeology, art history, conservation, environmental sciences, geography, cultural management, or tourism).
Candidates with professional experience related to world heritage are also encouraged to apply.",6.5,IELTS Academic 6.5; confirm component minimums and certificate validity.,No minimum language level required,Please apply via uni-assist .,https://www.b-tu.de/en/worldheritage-ma,https://www.b-tu.de/en/worldheritage-ma/admission#c257099,https://my.uni-assist.de/,University pages and university-supplied DAAD entry,https://www.b-tu.de/en/worldheritage-ma/ | https://www.b-tu.de/en/worldheritage-ma | https://www.b-tu.de/en/worldheritage-ma/admission#c257099 | https://www.b-tu.de/en/worldheritage-ma/admission | https://www.b-tu.de/en/study/during-studies/study-organization/formalities/semester-fee | https://www2.daad.de/deutschland/studienangebote/international-programmes/en/detail/3716/,2026-10-04,daad-3716,No,Not started,
Scenographic Design and Communication,Dortmund University of Applied Sciences and Arts,Dortmund,Design & art,Higher English score,Conditional investigation,"The interior design minor may help with a portfolio, but the English score and relevant-degree assessment remain barriers.",Master of Arts,3 semesters,On campus / university-based; check programme format,Summer 2027,2027-01-15,Annual pattern; next cycle unconfirmed,15 January for summer; non-EU winter route 15 June. Confirm the separate artistic-selection steps.,No suitable open winter 2026/27 route verified for this profile in this research.,0,€0 tuition; semester contribution and any listed extra charges are separate.,,"A semester contribution (social contribution) must be paid by each student per semester in order to be able to start or continue their studies at Fachhochschule Dortmund.
Please find more detailed information here: https://www.fh-dortmund.de/studieren/vorbereiten/semesterbeitrag.php?loc=en-US .","Application, assessment, travel and materials charges may be additional; see the route and fee sources.",Source quote checked 4 October 2026; often 2026/27 or an earlier 2026 semester. Future rates unconfirmed.,"The following aspects need to be considered as admission requirements
required degree
knowledge of German or English
suitability assessment
registration
Please find more details on each topic here, in the section ""What do I need"": https://www.fh-dortmund.de/studiengaenge/szenografie-und-kommunikation-scenographic-design-and-communication-master.php?loc=en-US .",6.5,English track: C1; provider lists IELTS Academic 6.5.,English track: German A2 by graduation.,Please check this website .,https://www.fh-dortmund.de/studiengaenge/szenografie-und-kommunikation-scenographic-design-and-communication-master.php?loc=en-US,https://www.fh-dortmund.de/studiengaenge/szenografie-und-kommunikation-scenographic-design-and-communication-master.php?loc=en-US,,University-supplied DAAD entry,https://www.fh-dortmund.de/studiengaenge/szenografie-und-kommunikation-scenographic-design-and-communication-master.php?loc=en-US | https://www.fh-dortmund.de/studieren/vorbereiten/semesterbeitrag.php?loc=en-US | https://portal.fh-dortmund.de/qisserver/pages/cs/sys/portal/hisinoneStartPage.faces?page=2&sessionlanguage=en | https://www2.daad.de/deutschland/studienangebote/international-programmes/en/detail/11022/,2026-10-04,daad-11022,No,Not started,
"Digital Studies: Technology, Media, Society",European University Viadrina,Frankfurt (Oder),Society & development,Higher English score,Conditional investigation,"Requires 60 relevant social/humanities/digitalisation credits including 10 methods, plus IELTS 7.",Master of Arts,4 semesters,On campus / university-based; check programme format,Winter 2027/28,2027-05-31,Annual pattern; next cycle unconfirmed,1–31 May.,No suitable open winter 2026/27 route verified for this profile in this research.,0,€0 tuition; semester contribution and any listed extra charges are separate.,380,Approx. €380.00 per semester; verify the next intake rate.,,Source quote checked 4 October 2026; often 2026/27 or an earlier 2026 semester. Future rates unconfirmed.,"The Master's degree programme ""Digital Studies – Technology, Media, Society"" requires a first professionally qualifying university degree of at least 180 ECTS credits (six semesters), in which knowledge in the following subject areas has been acquired through coursework and examinations or equivalent evidence amounting to at least 60 ECTS credits:
Social sciences or humanities (e.g. sociology, media studies, communication studies, political science, history, etc.)
Interdisciplinary digitalisation research or a related subject (e.g. social informatics, science and technology studies, digital studies, etc.)
A minimum of 10 ECTS credits must be proven through methodological knowledge from the above-mentioned subject areas.
Of the 60 ECTS, a maximum of 10 ECTS can also be from the subject areas:
Economics or a related subject,
Law (Law) or a related subject or
the technical sciences
All students are required to have English language skills at level C1 of the Common European Framework of Reference for Languages (CEFR).",7.0,IELTS Academic 7; confirm component minimums and certificate validity.,No minimum language level required,"• uni-assist
• Website",https://europeannewschool.eu/study-at-ens,https://europeannewschool.eu/study-at-ens/digital-studies#applymads,https://my.uni-assist.de/,University-supplied DAAD entry,https://europeannewschool.eu/study-at-ens | https://www2.daad.de/deutschland/studienangebote/international-programmes/en/detail/10714/,2026-10-04,daad-10714,No,Not started,
"Social Studies: Crises, Culture, Critique",European University Viadrina,Frankfurt (Oder),Society & development,Higher English score,Conditional investigation,At least 30 ECTS in the specified social/cultural disciplines and IELTS 6.5 required.,Master of Arts,4 semesters,On campus / university-based; check programme format,Summer 2027,2027-01-15,Annual pattern; next cycle unconfirmed,15 January for summer; 15 July for winter.,No suitable open winter 2026/27 route verified for this profile in this research.,0,€0 tuition; semester contribution and any listed extra charges are separate.,380,Approx. €380.00 per semester; verify the next intake rate.,,Source quote checked 4 October 2026; often 2026/27 or an earlier 2026 semester. Future rates unconfirmed.,"To enrol in the Social Studies: Crises, Culture, Critique programme, candidates must possess a first professionally qualifying university degree comprising at least 180 ECTS credits. This degree must include relevant achievements worth at least 30 ECTS credits in social or cultural sciences (social and cultural anthropology, economic and social geography, sociology, political science or philosophy).
Candidates must submit an officially certified copy of their first degree as proof. Additionally, to assess the relevance of the 30 ECTS, they must provide a transcript of records endorsed by their university.",6.5,IELTS Academic 6.5; confirm component minimums and certificate validity.,No minimum language level required,"• uni-assist
• Website",https://www.europa-uni.de/en/studium/studienangebot/master-social-studies/index.html,https://www.europa-uni.de/en/studium/studienangebot/master-social-studies/index.html#04-bewerbung-einschreibung-158044424,https://my.uni-assist.de/,University-supplied DAAD entry,https://www.europa-uni.de/en/studium/studienangebot/master-social-studies/index.html | https://www2.daad.de/deutschland/studienangebote/international-programmes/en/detail/10715/,2026-10-04,daad-10715,No,Not started,
Master of Arts in Human Rights,FAU Erlangen-Nürnberg,Nürnberg,Society & development,Higher English score,Conditional investigation,"Broad 180-ECTS degree access, but IELTS 7 and new non-EU tuition need attention.",Master of Arts,"4 semesters, 8 semesters",On campus / university-based; check programme format,Winter 2027/28,2027-05-31,Annual pattern; next cycle unconfirmed,15 February–31 May; confirm the next cycle.,No suitable open winter 2026/27 route verified for this profile in this research.,,Non-EU tuition applies; current programme-specific amount not verified.,82,Approx. €82.00 per semester; verify the next intake rate.,€100 non-EU application fee quoted; non-EU tuition amount must be checked before applying.,Source quote checked 4 October 2026; often 2026/27 or an earlier 2026 semester. Future rates unconfirmed.,"Admission to the Master’s programme in Human Rights requires a university degree based on at least three years of full-time studies (equivalent to 180 ECTS credits) and successful completion of the assessment process as outlined in the programme rules. Additionally, proof of C1-level English language skills is required.",7.0,IELTS Academic 7; confirm component minimums and certificate validity.,No minimum language level required,Please check this website .,https://www.humanrights-master.fau.de/,https://www.humanrights-master.fau.de/application/,,University-supplied DAAD entry,https://www.humanrights-master.fau.de/ | https://www.humanrights-master.fau.de/application/ | https://www.fau.eu/studying/international-students/application-and-enrollment-for-international-applicants/tuition-fees-for-students-from-non-eu-states/ | https://www2.daad.de/deutschland/studienangebote/international-programmes/en/detail/4588/,2026-10-04,daad-4588,No,Not started,
Master of Arts in Transcultural Studies,Heidelberg University,Heidelberg,Society & development,Higher English score,Conditional investigation,"Humanities/cultural/social-science degree equivalence, IELTS 7 and non-EU tuition need checking.",Master of Arts,4 semesters,On campus / university-based; check programme format,Winter 2027/28,,Approximate annual window; exact dates unconfirmed,International route normally April–mid-July; the precise 2027 deadline was not verified.,No suitable open winter 2026/27 route verified for this profile in this research.,1500,"€1,500 per semester in the assumed non-EU category; exemptions require confirmation.",151.05,Approx. €151.05 per semester; verify the next intake rate.,,Source quote checked 4 October 2026; often 2026/27 or an earlier 2026 semester. Future rates unconfirmed.,"Applicants must hold a BA or equivalent (minimum three years of study) in a discipline of the humanities, cultural, or social sciences with an above-average grade.
For a comprehensive list of all requirements, please refer to the programme's website at https://www.hcts.uni-heidelberg.de/en/studies/masters-program-mats .",7.0,IELTS Academic 7; confirm component minimums and certificate validity.,No minimum language level required,Please check this website .,https://www.hcts.uni-heidelberg.de/en/studies/masters-program-mats,https://www.hcts.uni-heidelberg.de/en/studies/masters-program-mats,,University-supplied DAAD entry,https://www.hcts.uni-heidelberg.de/en/studies/masters-program-mats | https://www.uni-heidelberg.de/en/study/management-of-studies/semester-fees/tuition-fees-for-international-students | https://www2.daad.de/deutschland/studienangebote/international-programmes/en/detail/4273/,2026-10-04,daad-4273,No,Not started,
Textile Design (MA),Hof University of Applied Sciences,Hof,Design & art,Higher English score,Conditional investigation,Interior design may be relevant; requires IELTS 6.5 and a credit/internship remedy for a three-year degree.,Master of Arts,3 semesters,On campus / university-based; check programme format,Summer 2027,2026-11-30,Annual pattern; next cycle unconfirmed,Summer intake: 5–30 November of the preceding year.,No suitable open winter 2026/27 route verified for this profile in this research.,0,€0 tuition; semester contribution and any listed extra charges are separate.,150,Approx. €150.00 per semester; verify the next intake rate.,,Source quote checked 4 October 2026; often 2026/27 or an earlier 2026 semester. Future rates unconfirmed.,"Relevant design/architecture degree, normally 210 ECTS; an accepted 180-ECTS degree can be supplemented by a pre-study internship worth 30 ECTS. German A1 and design assessment.",6.5,IELTS Academic 6.5; confirm component minimums and certificate validity.,"A1 required, please provide an official language certificate, e.g.:
Goethe-Zertifikat: Goethe-Zertifikat A1
telc Deutsch: telc Deutsch A1
ÖSD Zertifikat: A1",Please check this website .,https://www.hof-university.com/studying-at-hof-university/our-degree-programs/textile-design-ma.html,https://www.hof-university.com/studying-at-hof-university/application-and-admission.html,,University-supplied DAAD entry,https://www.hof-university.com/studying-at-hof-university/our-degree-programs/textile-design-ma.html | https://www.hof-university.com/studying-at-hof-university/application-and-admission.html | https://www3.primuss.de/cgi-bin/bew_anmeldung_v3/index.pl?Session=&FH=fhh&Email=&Portal=1&Language=en | https://www2.daad.de/deutschland/studienangebote/international-programmes/en/detail/9855/,2026-10-04,daad-9855,No,Not started,
Integrated Natural Resource Management (INRM),Humboldt-Universität zu Berlin,Berlin,Environment & sustainability,Higher English score,Conditional investigation,"Interdisciplinary natural/social-science degree access, but IELTS 7 is required.",Master of Science,4 semesters,On campus / university-based; check programme format,Summer 2027,2027-01-15,Annual pattern; next cycle unconfirmed,Summer: 1 December–15 January. Winter: 2–31 May.,No suitable open winter 2026/27 route verified for this profile in this research.,0,€0 tuition; semester contribution and any listed extra charges are separate.,350,Approx. €350.00 per semester; verify the next intake rate.,,Source quote checked 4 October 2026; often 2026/27 or an earlier 2026 semester. Future rates unconfirmed.,"Applicants are required to have completed a Bachelor's degree in either a natural science or a social science discipline: example degrees include agricultural sciences, horticultural sciences, silvicultural sciences, environmental sciences, ecology, biology, geography, economics, agricultural economics, horticultural economics, ecological economics, environmental economics, and resource economics as well as social sciences, sociology, and political science.
For further information, visit the following website: https://hu.berlin/INRM .",7.0,IELTS Academic 7; confirm component minimums and certificate validity.,No minimum language level required,Please apply via uni-assist .,https://hu.berlin/INRM,https://www.hu-berlin.de/en/study/before-your-studies/apply/deadlines,https://my.uni-assist.de/,University-supplied DAAD entry,https://hu.berlin/INRM | https://www2.daad.de/deutschland/studienangebote/international-programmes/en/detail/4514/,2026-10-04,daad-4514,No,Not started,
One Health,Justus Liebig University Giessen,Gießen,Health,Higher English score,Conditional investigation,"Nutrition and home economics are explicitly relevant, but IELTS 7 is required.",Master of Science,4 semesters,On campus / university-based; check programme format,Winter 2027/28,2027-06-15,Annual pattern; next cycle unconfirmed,1 May–15 June.,No suitable open winter 2026/27 route verified for this profile in this research.,0,€0 tuition; semester contribution and any listed extra charges are separate.,403,Approx. €403.00 per semester; verify the next intake rate.,,Source quote checked 4 October 2026; often 2026/27 or an earlier 2026 semester. Future rates unconfirmed.,"Relevant recognised degree of at least 180 ECTS, including nutrition or home economics; programme-specific subject assessment.",7.0,IELTS Academic 7; confirm component minimums and certificate validity.,No minimum language level required,Please apply via uni-assist .,https://www.uni-giessen.de/de/studium/studienangebot/master/one-health,https://www.uni-giessen.de/en/study/application,https://my.uni-assist.de/,University-supplied DAAD entry,https://www.uni-giessen.de/de/studium/studienangebot/master/one-health | https://www.uni-giessen.de/en/study/application | https://www2.daad.de/deutschland/studienangebote/international-programmes/en/detail/10685/,2026-10-04,daad-10685,No,Not started,
Transition Management,Justus Liebig University Giessen,Gießen,Society & development,Higher English score,Conditional investigation,"Home economics appears in the accepted fields, but the 60-credit disciplinary requirement and IELTS 7 still apply.",Master of Science,4 semesters,On campus / university-based; check programme format,Winter 2027/28,2027-06-15,Annual pattern; next cycle unconfirmed,1 May–15 June.,No suitable open winter 2026/27 route verified for this profile in this research.,0,€0 tuition; semester contribution and any listed extra charges are separate.,403,Approx. €403.00 per semester; verify the next intake rate.,,Source quote checked 4 October 2026; often 2026/27 or an earlier 2026 semester. Future rates unconfirmed.,"Relevant degree with at least 60 ECTS in one of the designated economics, law or social-science areas; the board determines equivalence.",7.0,IELTS Academic 7; confirm component minimums and certificate validity.,No minimum language level required,Please apply via uni-assist .,https://www.uni-giessen.de/transition,https://www.uni-giessen.de/en/study/application,https://my.uni-assist.de/,University-supplied DAAD entry,https://www.uni-giessen.de/transition | https://www.uni-giessen.de/en/study/application | https://www2.daad.de/deutschland/studienangebote/international-programmes/en/detail/7751/,2026-10-04,daad-7751,No,Not started,
"Master of Science in Sustainability, Society and the Environment",Kiel University,Kiel,Environment & sustainability,Higher English score,Conditional investigation,IELTS 7.5 plus relevant international/practical experience make this a longer-term option.,Master of Science,4 semesters,On campus / university-based; check programme format,Winter 2027/28,2027-03-31,Annual pattern; next cycle unconfirmed,15 February–31 March.,No suitable open winter 2026/27 route verified for this profile in this research.,0,€0 tuition; semester contribution and any listed extra charges are separate.,403,Approx. €403.00 per semester; verify the next intake rate.,€55 one-off enrolment fee.,Source quote checked 4 October 2026; often 2026/27 or an earlier 2026 semester. Future rates unconfirmed.,"Related first degree, grade 2.5 or better; at least six months of international experience and relevant project/practical preparation as specified in the admission rules.",7.5,IELTS Academic 7.5; confirm component minimums and certificate validity.,No minimum language level required,Please apply via uni-assist .,https://www.sustainability.uni-kiel.de/en/taught-masters/master-of-science-sustainability-society-and-the-environment-1,https://www.sustainability.uni-kiel.de/en/taught-masters/master-of-science-sustainability-society-and-the-environment-1/how-to-apply,https://my.uni-assist.de/,University-supplied DAAD entry,https://www.sustainability.uni-kiel.de/en/taught-masters/master-of-science-sustainability-society-and-the-environment-1 | https://www2.daad.de/deutschland/studienangebote/international-programmes/en/detail/11003/,2026-10-04,daad-11003,No,Not started,
Master of Arts Anthropology,Leipzig University,Leipzig,Society & development,Higher English score,Conditional investigation,"Related anthropology degree, C1 English assessment and a second-language requirement must be checked; Hindi/Punjabi recognition is not assumed.",Master of Arts,4 semesters,On campus / university-based; check programme format,Winter 2027/28,2027-05-31,Annual pattern; next cycle unconfirmed,International applicants must apply BOTH through uni-assist and directly to the institute by 31 May.,No suitable open winter 2026/27 route verified for this profile in this research.,0,€0 tuition; semester contribution and any listed extra charges are separate.,300,Approx. €300.00 per semester; verify the next intake rate.,,Source quote checked 4 October 2026; often 2026/27 or an earlier 2026 semester. Future rates unconfirmed.,"Bachelor's degree in anthropology or a related discipline
successful completion of an admission test (""Eignungsfeststellungsprüfung"")
proof of second foreign language (level A2/B1)
central online admission",,C1 English assessed under programme rules; no fixed IELTS threshold verified. Additional foreign language at A2/B1 required.,No minimum language level required,"• uni-assist
• E-mail",https://www.gkr.uni-leipzig.de/en/institute-of-anthropology/degree-programmes/masters-programme,https://www.uni-assist.de/en/how-to-apply/apply-online/,https://my.uni-assist.de/,University-supplied DAAD entry,https://www.gkr.uni-leipzig.de/en/institute-of-anthropology/degree-programmes/masters-programme | https://www2.daad.de/deutschland/studienangebote/international-programmes/en/detail/4633/,2026-10-04,daad-4633,No,Not started,
Master of Arts in Environment and Society,Ludwig-Maximilians-Universität München,München,Environment & sustainability,Higher English score,Conditional investigation,"Broad degree access and an environmental/social research focus, but IELTS 7 is required.",Master of Arts,4 semesters,On campus / university-based; check programme format,Winter 2027/28,2027-03-10,Annual pattern; next cycle unconfirmed,10 December–10 March.,No suitable open winter 2026/27 route verified for this profile in this research.,0,€0 tuition; semester contribution and any listed extra charges are separate.,97,Approx. €97.00 per semester; verify the next intake rate.,,Source quote checked 4 October 2026; often 2026/27 or an earlier 2026 semester. Future rates unconfirmed.,"Recognised relevant degree of at least 180 ECTS, grade 2.5 or better and a suitable academic writing sample; selection applies.",7.0,IELTS Academic 7; confirm component minimums and certificate validity.,No minimum language level required,Please check this website .,https://www.environmentmaster.carsoncenter.uni-muenchen.de/,https://www.environmentmaster.carsoncenter.uni-muenchen.de/application/index.html,,University-supplied DAAD entry,https://www.environmentmaster.carsoncenter.uni-muenchen.de/ | https://www.environmentmaster.carsoncenter.uni-muenchen.de/application/index.html | https://www2.daad.de/deutschland/studienangebote/international-programmes/en/detail/7983/,2026-10-04,daad-7983,No,Not started,
Sustainable Development (MSc),Marburg University,Marburg,Environment & sustainability,Higher English score,Conditional investigation,"Requires economics/geography content and methods, plus IELTS 7.",Master of Science,4 semesters,On campus / university-based; check programme format,Winter 2027/28,2027-07-15,Annual pattern; next cycle unconfirmed,15 July for winter.,No suitable open winter 2026/27 route verified for this profile in this research.,0,€0 tuition; semester contribution and any listed extra charges are separate.,406,Approx. €406.00 per semester; verify the next intake rate.,,Source quote checked 4 October 2026; often 2026/27 or an earlier 2026 semester. Future rates unconfirmed.,"Other degrees can qualify with at least 50 ECTS conceptual/academic modules, including 30 economics/geography ECTS and up to 20 other social-science ECTS, plus 10 ECTS research methods.",7.0,IELTS Academic 7; confirm component minimums and certificate validity.,No minimum language level required,Please apply via uni-assist .,https://www.uni-marburg.de/en/studying/after-your-first-degree/masters-programs/degree-programs/m-sustainable-development,https://www.uni-assist.de/en/how-to-apply/apply-online/,https://my.uni-assist.de/,University-supplied DAAD entry,https://www.uni-marburg.de/en/studying/after-your-first-degree/masters-programs/degree-programs/m-sustainable-development | https://www2.daad.de/deutschland/studienangebote/international-programmes/en/detail/9603/,2026-10-04,daad-9603,No,Not started,
Master of Arts in Peace and Conflict Studies,Otto von Guericke University Magdeburg,Magdeburg,Society & development,Higher English score,Conditional investigation,"At least 30 ECTS social sciences, an above-average degree and IELTS 7 required.",Master of Arts,4 semesters,On campus / university-based; check programme format,Winter 2027/28,2027-07-15,Annual pattern; next cycle unconfirmed,15 July for winter.,No suitable open winter 2026/27 route verified for this profile in this research.,0,€0 tuition; semester contribution and any listed extra charges are separate.,311.3,Approx. €311.30 per semester; verify the next intake rate.,,Source quote checked 4 October 2026; often 2026/27 or an earlier 2026 semester. Future rates unconfirmed.,Bachelor of Arts or comparable university degree with at least 30 ECTS in social science and above average grades,7.0,IELTS Academic 7; confirm component minimums and certificate validity.,No minimum language level required,"• uni-assist
• E-mail",https://www.pacs.ovgu.de/,https://www.pacs.ovgu.de/Admission.html,https://my.uni-assist.de/,University-supplied DAAD entry,https://www.pacs.ovgu.de/ | https://www.pacs.ovgu.de/Admission.html | https://www2.daad.de/deutschland/studienangebote/international-programmes/en/detail/11113/,2026-10-04,daad-11113,No,Not started,
"Usability Engineering, MSc",Rhine-Waal University of Applied Sciences,Kamp-Lintfort,Design & art,Higher English score,Conditional investigation,"A design/psychology/computing degree may be relevant, but IELTS 7, grade 2.0 and the credit rules are substantial conditions.",Master of Science,3 semesters,On campus / university-based; check programme format,Summer 2027,2027-01-15,Annual pattern; next cycle unconfirmed,15 January for summer; 15 July for winter.,No suitable open winter 2026/27 route verified for this profile in this research.,0,€0 tuition; semester contribution and any listed extra charges are separate.,300,Approx. €300.00 per semester; verify the next intake rate.,,Source quote checked 4 October 2026; often 2026/27 or an earlier 2026 semester. Future rates unconfirmed.,"Relevant design, psychology or computing degree, grade 2.0 or better; normally 210 ECTS, with an approved remedy for 180 ECTS if offered. Confirm individual suitability.",7.0,IELTS Academic 7; confirm component minimums and certificate validity.,No minimum language level required,Please apply via uni-assist .,https://www.hochschule-rhein-waal.de/en/faculties/communication-and-environment/degree-programmes/master-degree-programmes/usability,https://www.hochschule-rhein-waal.de/en/academics/prospective-students/current-application-period/masters-programmes,https://my.uni-assist.de/,University-supplied DAAD entry,https://www.hochschule-rhein-waal.de/en/faculties/communication-and-environment/degree-programmes/master-degree-programmes/usability | https://www.hochschule-rhein-waal.de/en/academics/prospective-students/current-application-period/masters-programmes | https://www.study-in-germany.de/en/plan-your-stay/money-and-costs/cost-of-living_28220.php | https://www2.daad.de/deutschland/studienangebote/international-programmes/en/detail/4225/,2026-10-04,daad-4225,No,Not started,
Nutrition and Biomedicine,Technical University of Munich,Freising,Nutrition & food,Higher English score,Conditional investigation,"The programme demands strong science/nutrition preparation, IELTS 6.5 and substantial non-EU tuition.",Master of Science,4 semesters,On campus / university-based; check programme format,Winter 2027/28,2027-04-29,Annual pattern; next cycle unconfirmed,Non-EU route: 1 January–29 April. The later EU-category deadline must not be used for an Indian applicant without a qualifying exception.,No suitable open winter 2026/27 route verified for this profile in this research.,4000,"€4,000 per semester in the assumed non-EU category; exemptions require confirmation.",,A semester contribution applies; current amount not verified.,Confirm the current student-services contribution and whether a statutory tuition exemption applies.,Source quote checked 4 October 2026; often 2026/27 or an earlier 2026 semester. Future rates unconfirmed.,"To be considered for admission, applicants must have completed a three-year Bachelor's degree or recognised equivalent from an accredited institution. The Master of Science in Nutrition and Biomedicine is designed to attract students at a multidisciplinary level. We welcome graduates in nutrition and encourage students from other natural sciences and related disciplines who share an interest in nutritional and biomedical issues. However, a thorough understanding of biology, chemistry, physics and mathematics is essential for a successful completion of the course.",6.5,IELTS Academic 6.5; confirm component minimums and certificate validity.,No minimum language level required,"• uni-assist
• Website",https://www.ls.tum.de/en/ls/studies/courses-and-programs/nutrition-and-biomedicine-msc/,https://www.ls.tum.de/en/ls/studies/courses-and-programs/nutrition-and-biomedicine-msc/,https://my.uni-assist.de/,University-supplied DAAD entry,https://www.ls.tum.de/en/ls/studies/courses-and-programs/nutrition-and-biomedicine-msc/ | https://www.tum.de/en/studies/fees/tuition | https://www.tum.de/en/studies/fees | https://www.studentenwerk-muenchen.de/en/international/international-students-in-munich/in-preparation/cost-of-living/ | https://www2.daad.de/deutschland/studienangebote/international-programmes/en/detail/4322/,2026-10-04,daad-4322,No,Not started,
"Responsibility in Science, Engineering and Technology (RESET)",Technical University of Munich,München,Society & development,Higher English score,Conditional investigation,"Potential interdisciplinary relevance, but IELTS 6.5 and substantial non-EU tuition apply.",Master of Arts,4 semesters,On campus / university-based; check programme format,Winter 2027/28,2027-05-31,Annual pattern; next cycle unconfirmed,1 January–31 May for winter; obtain any required VPD well before the deadline.,No suitable open winter 2026/27 route verified for this profile in this research.,4000,"€4,000 per semester in the assumed non-EU category; exemptions require confirmation.",,A semester contribution applies; current amount not verified.,Confirm the current student-services contribution and whether a statutory tuition exemption applies.,Source quote checked 4 October 2026; often 2026/27 or an earlier 2026 semester. Future rates unconfirmed.,Please click here .,6.5,IELTS Academic 6.5; confirm component minimums and certificate validity.,No minimum language level required,Please check this website .,https://www.sts.sot.tum.de/sts/studium/master-reset/,https://www.sts.sot.tum.de/sts/studium/master-reset/how-to-apply/,,University-supplied DAAD entry,https://www.sts.sot.tum.de/sts/studium/master-reset/ | https://www.tum.de/en/studies/fees/tuition | https://www.tum.de/en/studies/fees | https://www2.daad.de/deutschland/studienangebote/international-programmes/en/detail/5284/,2026-10-04,daad-5284,No,Not started,
Science and Technology Studies (STS),Technical University of Munich,München,Society & development,Higher English score,Conditional investigation,"Potential interdisciplinary relevance, but IELTS 6.5 and substantial non-EU tuition apply.",Master of Arts,4 semesters,On campus / university-based; check programme format,Winter 2027/28,2027-05-31,Annual pattern; next cycle unconfirmed,1 January–31 May for winter; obtain any required VPD well before the deadline.,No suitable open winter 2026/27 route verified for this profile in this research.,4000,"€4,000 per semester in the assumed non-EU category; exemptions require confirmation.",,A semester contribution applies; current amount not verified.,Confirm the current student-services contribution and whether a statutory tuition exemption applies.,Source quote checked 4 October 2026; often 2026/27 or an earlier 2026 semester. Future rates unconfirmed.,Please click here .,6.5,IELTS Academic 6.5; confirm component minimums and certificate validity.,No minimum language level required,Please check this website .,https://www.sts.sot.tum.de/sts/studium/master-sts/,https://www.sts.sot.tum.de/sts/studium/master-sts/how-to-apply/,,University-supplied DAAD entry,https://www.sts.sot.tum.de/sts/studium/master-sts/ | https://www.tum.de/en/studies/fees/tuition | https://www.tum.de/en/studies/fees | https://www2.daad.de/deutschland/studienangebote/international-programmes/en/detail/4749/,2026-10-04,daad-4749,No,Not started,
Sustainable Resource Management,Technical University of Munich,Freising,Environment & sustainability,Higher English score,Conditional investigation,"Relevant degree review, IELTS 6.5 and substantial non-EU tuition are barriers.",Master of Science,4 semesters,On campus / university-based; check programme format,Winter 2027/28,2027-05-31,Annual pattern; next cycle unconfirmed,1 January–31 May for winter; obtain any required VPD well before the deadline.,No suitable open winter 2026/27 route verified for this profile in this research.,4000,"€4,000 per semester in the assumed non-EU category; exemptions require confirmation.",,A semester contribution applies; current amount not verified.,Confirm the current student-services contribution and whether a statutory tuition exemption applies.,Source quote checked 4 October 2026; often 2026/27 or an earlier 2026 semester. Future rates unconfirmed.,"Applicants must hold a qualified Bachelor’s degree obtained after a programme of at least six semesters from a domestic or foreign institution of higher education or at least an equivalent degree in engineering, science, economics, or social sciences or comparable programmes.
Important: The Bachelor's degree must already be available at the time of application. An application is not possible without proof of successful completion of studies (certificate of completion of studies).
For details about our new aptitude assessment procedure, please see our course website under the section “How do you apply for a place of study?”.",6.5,IELTS Academic 6.5; confirm component minimums and certificate validity.,No minimum language level required,Please check this website .,https://www.ls.tum.de/en/ls/studies/courses-and-programs/sustainable-resource-management-msc/,https://www.tum.de/en/studies/application/application-info-portal/admission-requirements/language-certificates,,University-supplied DAAD entry,https://www.ls.tum.de/en/ls/studies/courses-and-programs/sustainable-resource-management-msc/ | https://www.tum.de/en/studies/application/application-info-portal/admission-requirements/language-certificates | https://www.tum.de/en/studies/fees/tuition | https://www.tum.de/en/studies/fees | https://www.studentenwerk-muenchen.de/en/international/international-students-in-munich/in-preparation/cost-of-living/ | https://www2.daad.de/deutschland/studienangebote/international-programmes/en/detail/3769/,2026-10-04,daad-3769,No,Not started,
"Environment, Climate Change and Health",University of Bayreuth,Bayreuth,Health,Higher English score,Conditional investigation,"Potential nutrition/health connection, with both a language upgrade and a subject-credit check needed.",Master of Science,4 semesters,On campus / university-based; check programme format,Winter 2027/28,2027-06-15,Annual pattern; next cycle unconfirmed,"Winter application deadline: 15 June. Opening normally 1 March (Food programmes) / 15 April (Environment, Climate Change and Health).",No suitable open winter 2026/27 route verified for this profile in this research.,0,€0 tuition; semester contribution and any listed extra charges are separate.,165.84,Approx. €165.84 per semester; verify the next intake rate.,,Source quote checked 4 October 2026; often 2026/27 or an earlier 2026 semester. Future rates unconfirmed.,"Relevant degree, grade 2.5 or better and at least 30 ECTS in the relevant health/natural-science areas. German A1 by the end of year one.",7.0,IELTS Academic 7; confirm component minimums and certificate validity.,A1 by the end of the first year.,Please apply via uni-assist .,https://www.ecch.uni-bayreuth.de/en/index.html,https://www.ecch.uni-bayreuth.de/en/application/index.html,https://my.uni-assist.de/,University-supplied DAAD entry,https://www.ecch.uni-bayreuth.de/en/index.html | https://www.ecch.uni-bayreuth.de/en/application/index.html | https://www.gamechanger-campus.de/en/cost-of-living | https://www2.daad.de/deutschland/studienangebote/international-programmes/en/detail/8291/,2026-10-04,daad-8291,No,Not started,
"Global Food, Nutrition and Health (MSc)",University of Bayreuth,Kulmbach,Nutrition & food,Higher English score,Conditional investigation,"Strong subject connection, but the published IELTS requirement is above 6.0.",Master of Science,4 semesters,On campus / university-based; check programme format,Winter 2027/28,2027-06-15,Annual pattern; next cycle unconfirmed,"Winter application deadline: 15 June. Opening normally 1 March (Food programmes) / 15 April (Environment, Climate Change and Health).",No suitable open winter 2026/27 route verified for this profile in this research.,0,€0 tuition; semester contribution and any listed extra charges are separate.,165.84,Approx. €165.84 per semester; verify the next intake rate.,,Source quote checked 4 October 2026; often 2026/27 or an earlier 2026 semester. Future rates unconfirmed.,"Relevant health/nutrition, natural/social-science or comparable degree; grade 2.5 or better and aptitude assessment.",7.0,IELTS Academic 7; confirm component minimums and certificate validity.,No minimum language level required,Please check this website .,https://www.globalfood.uni-bayreuth.de/en/index.html,https://www.globalfood.uni-bayreuth.de/en/application/index.html,https://my.uni-assist.de/,University-supplied DAAD entry,https://www.globalfood.uni-bayreuth.de/en/index.html | https://www.globalfood.uni-bayreuth.de/en/application/index.html | https://www.gamechanger-campus.de/en/cost-of-living | https://www2.daad.de/deutschland/studienangebote/international-programmes/en/detail/6928/,2026-10-04,daad-6928,No,Not started,
"MA African Studies: Critical Perspectives on Society, Politics and Culture",University of Bayreuth,Bayreuth,Society & development,Higher English score,Conditional investigation,Potential social/humanities connection. Provider lists B2 but an IELTS threshold of 7.5; confirm the apparently inconsistent language listing before applying.,Master of Arts,4 semesters,On campus / university-based; check programme format,Winter 2027/28,2027-07-15,Annual pattern; next cycle unconfirmed,Non-EU route: 15 July; EU route differs.,No suitable open winter 2026/27 route verified for this profile in this research.,0,€0 tuition; semester contribution and any listed extra charges are separate.,165.84,Approx. €165.84 per semester; verify the next intake rate.,,Source quote checked 4 October 2026; often 2026/27 or an earlier 2026 semester. Future rates unconfirmed.,"Requirements for the admission to the study programme include both of the following:
A Bachelor’s degree in a social sciences-, humanities-, or history-oriented degree programme with a final grade of ""2.5"" or better
language certificates (details below)",7.5,IELTS Academic 7.5; confirm component minimums and certificate validity.,No minimum language level required,Please check this website .,https://www.ma-african-studies.uni-bayreuth.de/en/index.html,https://www.ma-african-studies.uni-bayreuth.de/en/application-admission/index.html,,University-supplied DAAD entry,https://www.ma-african-studies.uni-bayreuth.de/en/index.html | https://www.gamechanger-campus.de/en/cost-of-living | https://www.ma-african-studies.uni-bayreuth.de/en/application-admission/index.html | https://www2.daad.de/deutschland/studienangebote/international-programmes/en/detail/9161/,2026-10-04,daad-9161,No,Not started,
"Social & Cultural Anthropology, Master of Arts (MA)",University of Bayreuth,Bayreuth,Society & development,Higher English score,Conditional investigation,A sociology/anthropology-equivalent degree and IELTS 7.5 are substantial barriers; a minor design specialisation is not sufficient.,Master of Arts,4 semesters,On campus / university-based; check programme format,Winter 2027/28,2027-07-15,Annual pattern; next cycle unconfirmed,Non-EU route: 1 March–15 July. The 15 October EU deadline does not establish an open route for this profile.,No suitable open winter 2026/27 route verified for this profile in this research.,0,€0 tuition; semester contribution and any listed extra charges are separate.,165.84,Approx. €165.84 per semester; verify the next intake rate.,,Source quote checked 4 October 2026; often 2026/27 or an earlier 2026 semester. Future rates unconfirmed.,"Application
All applicants must submit a cover letter comprising a maximum of two pages which they explain why they consider themselves well-suited for the MA programme in Social and Cultural Anthropology.
Qualification
A Bachelor's degree with at least a grade of ""good"" (2.5 or higher, or equivalent) in any of the following disciplines: ""Social & Cultural Anthropology"", ""Culture and Society (subject Social and Cultural Anthropology)"", ""Culture and Society in Africa (subject Social and Cultural Anthropology)"" or ""Interdisciplinary African Studies"", or an equivalent degree.
Applications may already be submitted before completion of the Bachelor's degree; however a total of at least 150 credit points with a final German grade of 2.5 or better must be earned by the time of application.
Conditional admission is possible; special conditions may comprise up to 30 credit points.",7.5,IELTS Academic 7.5; confirm component minimums and certificate validity.,"A1 required/recommended, no proof required",Please check this website .,https://www.uni-bayreuth.de/en/master/social-and-cultural-anthropology,https://www.uni-bayreuth.de/en/master/social-and-cultural-anthropology,,University-supplied DAAD entry,https://www.uni-bayreuth.de/en/master/social-and-cultural-anthropology | https://www.gamechanger-campus.de/en/cost-of-living | https://www2.daad.de/deutschland/studienangebote/international-programmes/en/detail/10420/,2026-10-04,daad-10420,No,Not started,
Agricultural Sciences and Resource Management in the Tropics and Subtropics (ARTS),University of Bonn,Bonn,Nutrition & food,Higher English score,Conditional investigation,A relevant agricultural degree is needed; nutrition/home economics equivalence must be assessed. IELTS 6.5 required.,Master of Science,4 semesters,On campus / university-based; check programme format,Winter 2027/28,2027-06-30,Annual pattern; next cycle unconfirmed,Self-funded route: 15 December–30 June. Do not confuse this with the scholarship deadline.,No suitable open winter 2026/27 route verified for this profile in this research.,0,€0 tuition; semester contribution and any listed extra charges are separate.,350.0,"The University of Bonn is a public university, meaning that it does not charge tuition fees. However, all students must pay the semester fee of about 350 EUR per semester, which covers a Deutschlandsemesterticket (student transit pass for public transport) and statutory accident insurance, among other things.","Application, assessment, travel and materials charges may be additional; see the route and fee sources.",Source quote checked 4 October 2026; often 2026/27 or an earlier 2026 semester. Future rates unconfirmed.,"Bachelor's degree in Agricultural Sciences or in a field related to the postgraduate course with an above-average grade from a university/college
At least two years of working experience in agriculture is desirable.
Please submit the following:
CV
Letter of motivation
Two to three page scientific research proposal
English language certificate
Degree (authenticated)
Academic transcript (authenticated)
Remember that we only accept applications through our online platform.
More information: www.arts.uni-bonn.de/application",6.5,IELTS Academic 6.5; confirm component minimums and certificate validity.,No minimum language level required,Please check this website .,https://www.arts.uni-bonn.de/,https://www.arts.uni-bonn.de/application,,University-supplied DAAD entry,https://www.arts.uni-bonn.de/ | https://www.arts.uni-bonn.de/application | http://www.arts.uni-bonn.de/application | https://www2.daad.de/deutschland/studienangebote/international-programmes/en/detail/7600/,2026-10-04,daad-7600,No,Not started,
Agricultural and Food Economics (AFECO),University of Bonn,Bonn,Nutrition & food,Higher English score,Conditional investigation,Requires a substantial economics specialisation as well as IELTS 6.5.,Master of Science,4 semesters,On campus / university-based; check programme format,Summer 2027,2027-01-15,Annual pattern; next cycle unconfirmed,15 January for summer; 15 July for winter.,No suitable open winter 2026/27 route verified for this profile in this research.,0,€0 tuition; semester contribution and any listed extra charges are separate.,350.0,"The University of Bonn is a public university, meaning that it does not charge tuition fees. However, all students must pay the semester fee of about 350 EUR per semester, which covers a Deutschlandsemesterticket (student transit pass for public transport) and statutory accident insurance, among other things.","Application, assessment, travel and materials charges may be additional; see the route and fee sources.",Source quote checked 4 October 2026; often 2026/27 or an earlier 2026 semester. Future rates unconfirmed.,"At least 42 ECTS in economics, including at least 5 microeconomics and 5 statistics credits; relevant degree with grade 2.5 or better.",6.5,IELTS Academic 6.5; confirm component minimums and certificate validity.,No minimum language level required,Please check this website .,https://www.ilr1.uni-bonn.de/afeco/en,https://application.uni-bonn.de/qisserver/pages/cs/sys/portal/hisinoneStartPage.faces,,University-supplied DAAD entry,https://www.ilr1.uni-bonn.de/afeco/en | https://application.uni-bonn.de/qisserver/pages/cs/sys/portal/hisinoneStartPage.faces | https://www2.daad.de/deutschland/studienangebote/international-programmes/en/detail/7602/,2026-10-04,daad-7602,No,Not started,
"Agricultural, Food and Environmental Policy Analysis (AFEPA)",University of Bonn,Bonn,Nutrition & food,Higher English score,Conditional investigation,A joint European degree with economics-credit and IELTS 6.5 requirements; fees/mobility need separate budgeting.,Master of Science,4 semesters,Joint degree with international mobility,Winter 2027/28,,Approximate annual window; exact dates unconfirmed,Expected annual window: approximately mid-October 2026–mid-February 2027. Exact next-cycle dates were not verified.,No suitable open winter 2026/27 route verified for this profile in this research.,,Joint-degree fees depend on the partner route and fee category; confirm the full programme cost.,350.0,"The University of Bonn is a public university, meaning that it does not charge tuition fees. However, all students must pay the semester fee of about 350 EUR per semester, which covers a Deutschlandsemesterticket (student transit pass for public transport) and statutory accident insurance, among other things.","Application, assessment, travel and materials charges may be additional; see the route and fee sources.",Source quote checked 4 October 2026; often 2026/27 or an earlier 2026 semester. Future rates unconfirmed.,At least 24 ECTS economics including the specified microeconomics/statistics content; joint-programme admission and mobility conditions apply.,6.5,IELTS Academic 6.5; confirm component minimums and certificate validity.,No minimum language level required,"• E-mail
• Website",https://www.ilr1.uni-bonn.de/afepa/en,https://www.ilr1.uni-bonn.de/afepa/en/application-admission,,University-supplied DAAD entry,https://www.ilr1.uni-bonn.de/afepa/en | https://www.ilr1.uni-bonn.de/afepa/en/application-admission | https://www2.daad.de/deutschland/studienangebote/international-programmes/en/detail/8310/,2026-10-04,daad-8310,No,Not started,
Planetary Health,University of Bonn,Bonn,Health,Higher English score,Conditional investigation,Nutrition-related bachelor’s content is potentially relevant; IELTS 6.5 is the immediate language barrier.,Master of Science,4 semesters,On campus / university-based; check programme format,Winter 2027/28,2027-07-15,Annual pattern; next cycle unconfirmed,1 December–15 July; verify the new cycle dates.,No suitable open winter 2026/27 route verified for this profile in this research.,0,€0 tuition; semester contribution and any listed extra charges are separate.,350,Approx. €350.00 per semester; verify the next intake rate.,,Source quote checked 4 October 2026; often 2026/27 or an earlier 2026 semester. Future rates unconfirmed.,"Relevant degree of at least 180 ECTS, for example nutrition/agriculture/health, with German grade 2.5 or better. Detailed subject assessment applies.",6.5,IELTS Academic 6.5; confirm component minimums and certificate validity.,No minimum language level required,Please check this website .,https://www.ilr1.uni-bonn.de/planetary-health/en,https://application.uni-bonn.de/qisserver/pages/cs/sys/portal/hisinoneStartPage.faces,,University-supplied DAAD entry,https://www.ilr1.uni-bonn.de/planetary-health/en | https://application.uni-bonn.de/qisserver/pages/cs/sys/portal/hisinoneStartPage.faces | https://www2.daad.de/deutschland/studienangebote/international-programmes/en/detail/10713/,2026-10-04,daad-10713,No,Not started,
Environmental Governance (MEG),University of Freiburg,Freiburg im Breisgau,Environment & sustainability,Higher English score,Conditional investigation,"Environment/social-science subject fit, IELTS 7 and non-EU tuition must all be considered.",Master of Science,4 semesters,On campus / university-based; check programme format,Winter 2027/28,2027-05-15,Annual pattern; next cycle unconfirmed,Self-funded route: 1 March–15 May. Scholarship deadlines differ.,No suitable open winter 2026/27 route verified for this profile in this research.,1500,"€1,500 per semester in the assumed non-EU category; exemptions require confirmation.",190,Approx. €190.00 per semester; verify the next intake rate.,,Source quote checked 4 October 2026; often 2026/27 or an earlier 2026 semester. Future rates unconfirmed.,"Applicants must hold a BSc (or an equivalent first degree) with a grade well above average in one of the following fields:
Environmental Management
Environmental Sciences
Agricultural or Forest Sciences
Geography
Political Sciences
Sociology
Law
Economics
Ethnology
International Cooperation
Development Studies
Nature Conservation
Land Use Planning
Natural Resource Management, among others.
At least some of the courses taken in the aforementioned degrees must be relevant to Environmental Governance.
Applicants for DAAD EPOS scholarships for candidates from developing countries must have two years of work experience at the time of application, and the last university degree must not be older than six years.",7.0,IELTS Academic 7; confirm component minimums and certificate validity.,No minimum language level required,Please check this website .,https://www.meg.uni-freiburg.de,https://www.studium.uni-freiburg.de/en/student-services/additional-offers-for-international-students/workshop-coaching-on-the-topic-of-job-applications-and-careers,,University-supplied DAAD entry,https://www.meg.uni-freiburg.de | https://www2.daad.de/deutschland/studienangebote/international-programmes/en/detail/3734/,2026-10-04,daad-3734,No,Not started,
Modern Indian Studies,University of Göttingen,Göttingen,Society & development,Higher English score,Conditional investigation,"Hindi/Punjabi may be useful academically, but do not replace the required 50 relevant academic credits or IELTS 7.",Master of Arts,4 semesters,On campus / university-based; check programme format,Winter 2027/28,2026-11-15,Annual pattern; next cycle unconfirmed,Non-EU citizenship plus non-EU first degree: 15 November of the PREVIOUS year. EU citizenship / EU degree category: 15 May.,No suitable open winter 2026/27 route verified for this profile in this research.,0,€0 tuition; semester contribution and any listed extra charges are separate.,460,Approx. €460.00 per semester; verify the next intake rate.,,Source quote checked 4 October 2026; often 2026/27 or an earlier 2026 semester. Future rates unconfirmed.,"At least 50 ECTS in the listed social/cultural/development/area-studies fields, plus recognised degree and English C1 evidence.",7.0,IELTS Academic 7; confirm component minimums and certificate validity.,No minimum language level required,Please check this website .,https://www.uni-goettingen.de/en/prospective+students%3a+m.a.+in+modern+indian+studies+/131812.html,https://www.uni-goettingen.de/en/prospective+students%3a+m.a.+in+modern+indian+studies+/131812.html,,University-supplied DAAD entry,https://www.uni-goettingen.de/en/prospective+students%3a+m.a.+in+modern+indian+studies+/131812.html | https://www2.daad.de/deutschland/studienangebote/international-programmes/en/detail/4150/,2026-10-04,daad-4150,No,Not started,
Advisory and Innovation Services in Agri-Food Systems,University of Hohenheim,Stuttgart,Nutrition & food,Higher English score,Conditional investigation,Check whether nutrition/home-economics study and advisory experience satisfy the agri-food degree requirement. IELTS 6.5 and non-EU tuition apply.,Master of Science,4 semesters,On campus / university-based; check programme format,Winter 2027/28,2027-03-15,Annual pattern; next cycle unconfirmed,Non-EU route: 16 November–15 March; scholarship routes have separate deadlines.,No suitable open winter 2026/27 route verified for this profile in this research.,1500,"€1,500 per semester in the assumed non-EU category; exemptions require confirmation.",175,Approx. €175.00 per semester; verify the next intake rate.,,Source quote checked 4 October 2026; often 2026/27 or an earlier 2026 semester. Future rates unconfirmed.,"This major requires knowledge of agricultural sciences and land use and the economics and social sciences of agriculture in depth as taught in Bachelor's degree programmes in agricultural sciences, horticulture, speciality crops, and agricultural and forest ecology. The formal admission requirements are:
An above-average Bachelor's degree in agricultural sciences or a related subject from a university or a university of applied sciences in Germany or abroad with a standard period of study of at least three years (180 ECTS in total)
If an applicant's final grade or grade point average of the degree is not above average, they can demonstrate their special suitability for the programme if necessary.
At least 6 ECTS credits in economics
Proof of English proficiency
Additional requirements
Good communication skills
Enthusiasm for shaping change processes
Interest in digital technologies
Ability and willingness to work in intercultural teams
For more information, see www.uni-hohenheim.de/en/application-advisoryservices-info .",6.5,IELTS Academic 6.5; confirm component minimums and certificate validity.,No minimum language level required,Please check this website .,https://www.uni-hohenheim.de/en/agricultural-sciences-masters-major-advisoryservices,https://dein-studium.uni-hohenheim.de/en/applying-and-enrollment/applying/application-master-of-agricultural-sciences-major-in-advisory-and-innovation-services-in-agri-food-systems-msc,,University-supplied DAAD entry,https://www.uni-hohenheim.de/en/agricultural-sciences-masters-major-advisoryservices | https://dein-studium.uni-hohenheim.de/en/applying-and-enrollment/applying/application-master-of-agricultural-sciences-major-in-advisory-and-innovation-services-in-agri-food-systems-msc | https://www.uni-hohenheim.de/en/faq-tuition-fees-international-students | https://www.uni-hohenheim.de/en/application-advisoryservices-info | https://www2.daad.de/deutschland/studienangebote/international-programmes/en/detail/8972/,2026-10-04,daad-8972,No,Not started,
Environmental Protection and Agricultural Food Production (EnviroFood),University of Hohenheim,Stuttgart,Nutrition & food,Higher English score,Conditional investigation,Relevant environmental/agricultural/scientific study is essential. IELTS 6.5 and non-EU tuition apply.,Master of Science,4 semesters,On campus / university-based; check programme format,Winter 2027/28,2027-03-15,Annual pattern; next cycle unconfirmed,Non-EU route: 16 November–15 March; scholarship routes have separate deadlines.,No suitable open winter 2026/27 route verified for this profile in this research.,1500,"€1,500 per semester in the assumed non-EU category; exemptions require confirmation.",175,Approx. €175.00 per semester; verify the next intake rate.,,Source quote checked 4 October 2026; often 2026/27 or an earlier 2026 semester. Future rates unconfirmed.,"Formal requirements
An above-average Bachelor’s degree in Agricultural, Natural, or Environmental Sciences, Natural Resource Management, or a related discipline with a standard period of study of at least three years or an equivalent degree
If the final grade or grade point average of your degree is not above average, you must prove your special suitability for the degree programme.
Proof of proficiency in English
Additional requirements
Team spirit and willingness to work in intercultural teams
Interest in interdisciplinarity",6.5,IELTS Academic 6.5; confirm component minimums and certificate validity.,No minimum language level required,Please check this website .,https://www.uni-hohenheim.de/en/environmental-protection-and-agricultural-food-production-masters,https://dein-studium.uni-hohenheim.de/en/applying-and-enrollment/applying/application-for-environmental-protection-and-agricultural-food-production,,University-supplied DAAD entry,https://www.uni-hohenheim.de/en/environmental-protection-and-agricultural-food-production-masters | https://dein-studium.uni-hohenheim.de/en/applying-and-enrollment/applying/application-for-environmental-protection-and-agricultural-food-production | https://www.uni-hohenheim.de/en/faq-tuition-fees-international-students | https://www2.daad.de/deutschland/studienangebote/international-programmes/en/detail/9111/,2026-10-04,daad-9111,No,Not started,
Organic Agriculture and Food Systems (EUR-Organic),University of Hohenheim,Stuttgart,Nutrition & food,Higher English score,Conditional investigation,Check relevant agriculture/food-system credits. IELTS 6.5 and non-EU tuition apply.,Master of Science,4 semesters,On campus / university-based; check programme format,Winter 2027/28,2027-03-15,Annual pattern; next cycle unconfirmed,Non-EU route: 16 November–15 March; scholarship routes have separate deadlines.,No suitable open winter 2026/27 route verified for this profile in this research.,1500,"€1,500 per semester in the assumed non-EU category; exemptions require confirmation.",175,Approx. €175.00 per semester; verify the next intake rate.,,Source quote checked 4 October 2026; often 2026/27 or an earlier 2026 semester. Future rates unconfirmed.,"Formal requirements
An above-average Bachelor’s degree in agricultural sciences, natural sciences, or a related programme with a standard period of study of at least three years (totalling 180 ECTS credits)
If an applicant's final grade or grade point average of the degree is not above average, they can demonstrate their special suitability for the programme if necessary.
Proof of English proficiency
Additional requirements
Interest in ecology, agricultural sciences, and sustainability
Practical experience in nature, agriculture, and the environment
System-oriented thinking and interdisciplinary work
Ability and willingness to work in intercultural teams",6.5,IELTS Academic 6.5; confirm component minimums and certificate validity.,No minimum language level required,Please check this website .,https://www.uni-hohenheim.de/en/organic-agriculture-and-food-systems-masters,https://dein-studium.uni-hohenheim.de/en/applying-and-enrollment/applying/application-for-masters-in-organic-agriculture-and-food-systems,,University-supplied DAAD entry,https://www.uni-hohenheim.de/en/organic-agriculture-and-food-systems-masters | https://dein-studium.uni-hohenheim.de/en/applying-and-enrollment/applying/application-for-masters-in-organic-agriculture-and-food-systems | https://www.uni-hohenheim.de/en/faq-tuition-fees-international-students | https://dein-studium.uni-hohenheim.de/en/applying-and-enrollment/applying/application-for-masters-in-organic-agriculture-and-food-systems/organic-agriculture-and-food-systems-pre-test | https://www2.daad.de/deutschland/studienangebote/international-programmes/en/detail/4567/,2026-10-04,daad-4567,No,Not started,
Transformation Management for Sustainable Agri-Food Systems (Transformation),University of Hohenheim,Stuttgart,Nutrition & food,Higher English score,Conditional investigation,A relevant agri-food/social/economics degree is required; IELTS 6.5 and non-EU tuition apply.,Master of Science,4 semesters,On campus / university-based; check programme format,Winter 2027/28,2027-03-15,Annual pattern; next cycle unconfirmed,Non-EU route: 16 November–15 March; scholarship routes have separate deadlines.,No suitable open winter 2026/27 route verified for this profile in this research.,1500,"€1,500 per semester in the assumed non-EU category; exemptions require confirmation.",175,Approx. €175.00 per semester; verify the next intake rate.,,Source quote checked 4 October 2026; often 2026/27 or an earlier 2026 semester. Future rates unconfirmed.,"Formal requirements
An above-average Bachelor's degree in agricultural sciences, environmental sciences or geography, or related subjects (including agricultural biology and bio-based products and bioenergy) with at least three years of regular study (total 180 ECTS)
If the final grade or average grade of this degree is not above average, the applicant must also prove their special aptitude for the degree programme
Students who have not previously completed an agricultural degree programme must take at least two of three agricultural modules from the elective module catalogue.
Proof of proficiency in English
Additional requirements
The major is particularly suited to students with good communication and negotiation skills, enthusiasm for designing change processes, and a keen interest in the practical implementation of sustainability concepts.",6.5,IELTS Academic 6.5; confirm component minimums and certificate validity.,No minimum language level required,Please check this website .,https://www.uni-hohenheim.de/en/agricultural-sciences-masters-major-transformation,https://dein-studium.uni-hohenheim.de/en/applying-and-enrollment/applying/application-for-masters-in-agricultural-sciences-transformation-management-for-sustainable-agri-food-systems-major,,University-supplied DAAD entry,https://www.uni-hohenheim.de/en/agricultural-sciences-masters-major-transformation | https://dein-studium.uni-hohenheim.de/en/applying-and-enrollment/applying/application-for-masters-in-agricultural-sciences-transformation-management-for-sustainable-agri-food-systems-major | https://www.uni-hohenheim.de/en/faq-tuition-fees-international-students | https://www2.daad.de/deutschland/studienangebote/international-programmes/en/detail/3787/,2026-10-04,daad-3787,No,Not started,
"Sustainability and Postcolonial Studies. Gender, Nature and History",University of Kassel,Kassel,Society & development,Higher English score,Conditional investigation,Relevant degree and IELTS 7 required; an interdisciplinary interest alone is insufficient.,Master of Arts,4 semesters,On campus / university-based; check programme format,Winter 2027/28,2027-07-15,Annual pattern; next cycle unconfirmed,Foreign-degree applications: 1 March–15 July.,No suitable open winter 2026/27 route verified for this profile in this research.,0,€0 tuition; semester contribution and any listed extra charges are separate.,391.27,Approx. €391.27 per semester; verify the next intake rate.,,Source quote checked 4 October 2026; often 2026/27 or an earlier 2026 semester. Future rates unconfirmed.,"Candidates can be admitted to programme with
a Bachelor’s degree or an equivalent degree in sustainability studies, social sciences, cultural studies or humanities or a first state examination for teaching history or politics and economics with a study period of at least six semesters and 180 credits or
an equivalent foreign degree in the above mentioned fields with a study period of at least six semesters and 180 credits,
and adequate knowledge of the English language (C1 level CEFR, details below).
The examination board will admit the students following the above mentioned admission requirements. All decisions will be made based on the written application documents. The examination board can admit students provisionally and request further documents.",7.0,IELTS Academic 7; confirm component minimums and certificate validity.,No minimum language level required,Please apply via uni-assist .,https://www.uni-kassel.de/uni/en/study/sustainability-and-postcolonial-studies-master.html,https://www.uni-kassel.de/uni/en/studium/sustainability-and-postcolonial-studies-master/bewerbung-und-zulassung.html,https://my.uni-assist.de/,University-supplied DAAD entry,https://www.uni-kassel.de/uni/en/study/sustainability-and-postcolonial-studies-master.html | https://www.uni-kassel.de/uni/en/studium/sustainability-and-postcolonial-studies-master/bewerbung-und-zulassung.html | https://www.uni-kassel.de/uni/en/international-service/coming-to-kassel/studying-in-kassel/during-studies/semester-fee-1.html | https://www.uni-kassel.de/uni/en/study/after-the-application/living.html | https://www2.daad.de/deutschland/studienangebote/international-programmes/en/detail/10642/,2026-10-04,daad-10642,No,Not started,
Social Anthropology / Sozialanthropologie,University of Münster,Münster,Society & development,Higher English score,Conditional investigation,"At least 15 ECTS anthropology, grade 2.3 and IELTS 7 required.",Master of Arts,4 semesters,On campus / university-based; check programme format,Winter 2027/28,2027-07-15,Annual pattern; next cycle unconfirmed,1 May–15 July.,No suitable open winter 2026/27 route verified for this profile in this research.,0,€0 tuition; semester contribution and any listed extra charges are separate.,355,Approx. €355.00 per semester; verify the next intake rate.,,Source quote checked 4 October 2026; often 2026/27 or an earlier 2026 semester. Future rates unconfirmed.,"Academic admission requirements include a Bachelor's degree in social/cultural anthropology, ethnology or in a discipline containing a major social anthropological component (min. 15 ECTS), and English language proficiency at the level of C1 (details below). See the homepage of the institute for further details.
Final overall grade of Bachelor's degree programme: at least 2.3",7.0,IELTS Academic 7; confirm component minimums and certificate validity.,No minimum language level required,Please apply via e-mail .,https://www.uni-muenster.de/Ethnologie/en/studieren/mastersocialanthropology/index.shtml,https://www.uni-muenster.de/Ethnologie/en/studieren/mastersocialanthropology/index.shtml,,University-supplied DAAD entry,https://www.uni-muenster.de/Ethnologie/en/studieren/mastersocialanthropology/index.shtml | https://www.uni-muenster.de/studieninteressierte/en/einschreibung/semesterbeitrag.shtml | https://www.uni-muenster.de/international/en/studierende/general-information/cost-and-funding.html | https://www2.daad.de/deutschland/studienangebote/international-programmes/en/detail/4510/,2026-10-04,daad-4510,No,Not started,
"Public Health, Exercise, and Nutrition (PEN)",University of Potsdam,Potsdam,Health,Higher English score,Conditional investigation,"Nutrition subject connection is plausible, but IELTS 7 and the programme-specific academic requirements need verification.",Master of Science,4 semesters,On campus / university-based; check programme format,Winter 2027/28,2027-08-15,Annual pattern; next cycle unconfirmed,15 August for winter; verify the new cycle and the foreign-qualification process.,No suitable open winter 2026/27 route verified for this profile in this research.,0,€0 tuition; semester contribution and any listed extra charges are separate.,,A semester contribution applies; current amount not verified.,Current semester contribution not verified.,Source quote checked 4 October 2026; often 2026/27 or an earlier 2026 semester. Future rates unconfirmed.,The provider links to the detailed academic admission rules; the subject-credit threshold was not verified in the sources retrieved. Do not assume eligibility from the programme title.,7.0,IELTS Academic 7; confirm component minimums and certificate validity.,No minimum language level required,Please check this website .,https://www.uni-potsdam.de/en/studium/what-to-study/master/public-health-exercise-and-nutrition,https://www.uni-potsdam.de/en/studium/application-enrollment/application-master/consecutive,,University-supplied DAAD entry,https://www.uni-potsdam.de/en/studium/what-to-study/master/public-health-exercise-and-nutrition | https://www.uni-potsdam.de/en/studium/application-enrollment/application-master/consecutive | https://www.uni-potsdam.de/en/studium/what-to-study/english-language-courses-and-degree-programs | https://www2.daad.de/deutschland/studienangebote/international-programmes/en/detail/10384/,2026-10-04,daad-10384,No,Not started,
"Culture, Ecology, Change (CEC)",University of Rostock,Rostock,Society & development,Higher English score,Conditional investigation,Related degree and IELTS 7 required; 12 cultural-studies credits may be made up during the first two semesters.,Master of Arts,4 semesters,On campus / university-based; check programme format,Winter 2027/28,2027-07-15,Annual pattern; next cycle unconfirmed,International route: 1 May–15 July.,No suitable open winter 2026/27 route verified for this profile in this research.,0,€0 tuition; semester contribution and any listed extra charges are separate.,333,Approx. €333.00 per semester; verify the next intake rate.,,Source quote checked 4 October 2026; often 2026/27 or an earlier 2026 semester. Future rates unconfirmed.,"Bachelor of Arts / Bachelor of Science in a related field
12 credit points in cultural studies or similar (can be completed in the first two semesters of the course)",7.0,IELTS Academic 7; confirm component minimums and certificate validity.,No minimum language level required,Please apply via uni-assist .,https://www.iaa.uni-rostock.de/aktuelles-/-veranstaltungen/master-culture-ecology-change/master-culture-ecology-change/welcome/,https://www.iaa.uni-rostock.de/aktuelles-/-veranstaltungen/master-culture-ecology-change/master-culture-ecology-change/welcome/application-admission/,https://my.uni-assist.de/,University-supplied DAAD entry,https://www.iaa.uni-rostock.de/aktuelles-/-veranstaltungen/master-culture-ecology-change/master-culture-ecology-change/welcome/ | https://www.iaa.uni-rostock.de/aktuelles-/-veranstaltungen/master-culture-ecology-change/master-culture-ecology-change/welcome/application-admission/ | https://www2.daad.de/deutschland/studienangebote/international-programmes/en/detail/9257/,2026-10-04,daad-9257,No,Not started,
Human Computer Interaction (HCI),University of Siegen,Siegen,Design & art,Higher English score,Conditional investigation,Potential design connection; IELTS 6.5 and substantial relevant study content are needed.,Master of Science,4 semesters,On campus / university-based; check programme format,Summer 2027,2026-10-31,Annual pattern; next cycle unconfirmed,1–31 October for summer; 1–30 April for winter.,No suitable open winter 2026/27 route verified for this profile in this research.,0,€0 tuition; semester contribution and any listed extra charges are separate.,372,Approx. €372.00 per semester; verify the next intake rate.,,Source quote checked 4 October 2026; often 2026/27 or an earlier 2026 semester. Future rates unconfirmed.,Relevant degree or at least 60 ECTS in the designated computing/design/psychology and related fields; grade 2.5 or better.,6.5,IELTS Academic 6.5; confirm component minimums and certificate validity.,No minimum language level required,Please check this website .,https://hci-siegen.de/,https://www.tum.de/en/studies/application/grade-conversion-formula-for-grades-earned-outside-germany/,,University-supplied DAAD entry,https://hci-siegen.de/ | https://www.tum.de/en/studies/application/grade-conversion-formula-for-grades-earned-outside-germany/ | https://www2.daad.de/deutschland/studienangebote/international-programmes/en/detail/4686/,2026-10-04,daad-4686,No,Not started,
Roads to Democracies – Historical and Contemporary Perspectives on Politics and Culture,University of Siegen,Siegen,Society & development,Higher English score,Conditional investigation,Relevant social/historical degree and IELTS 7 required; summer route is longer.,Master of Arts,4 semesters,On campus / university-based; check programme format,Summer 2027,2026-10-31,Annual pattern; next cycle unconfirmed,"Summer: 1 August–31 October, five-semester route. Winter: deadline 30 April.",No suitable open winter 2026/27 route verified for this profile in this research.,0,€0 tuition; semester contribution and any listed extra charges are separate.,372,Approx. €372.00 per semester; verify the next intake rate.,,Source quote checked 4 October 2026; often 2026/27 or an earlier 2026 semester. Future rates unconfirmed.,"A first academic degree (a Bachelor's degree from a programme with a minimum duration of three years or equivalent) in history, political science, sociology or an appropriate related subject with an overall final grade of at least 2.5 (according to the German grading system). Admission to the Master's programme requires proof of a study-related special qualification.
A study-related special qualification is ascertained when the submitted documents, in particular, the transcript of records, the letter of motivation and the exposé, show that the student has the ability to conduct independent scientific work and has the relevant methodological competencies that enable him/her to successfully complete the Master's programme. Please check the guide on our website for further information.
The assessment of the study-related special qualification is part of the application procedure. It is based on the submitted application documents (see application documents below).
Applicants must submit the following documents:
CV in English
Certified copies of the university entrance certificate
Certified copies of university certificates, university diplomas with transcript of records and certified translations in German or English, if applicable
Language certificates (e.g. TOEFL, IELTS, CAE, CPE, or certificate issued by university showing that the language of instruction during the BA studies was English)
Each applicant must submit a letter of motivation (750 to 1,000 words) in English containing information on professional qualifications and personal motivation for the course of study described from a professional-scientific perspective. The letter should also elaborate on professional goals.
Applicants must also submit an exposé of research ideas for their potential Master's thesis of 2,000 to 2,500 words in English, and this must meet scientific standards and include references to the current state of research. A confirmation of authorship needs to be signed and attached to the document.
One letter of recommendation from a university professor in English",7.0,IELTS Academic 7; confirm component minimums and certificate validity.,No minimum language level required (proficiency assessment via test or interview),Please check this website .,https://www.uni-siegen.de/phil/studium/studiengaenge/master/ma_roads/index.html.en?lang=en,https://www.uni-siegen.de/en/phil/roads-application,,University-supplied DAAD entry,https://www.uni-siegen.de/phil/studium/studiengaenge/master/ma_roads/index.html.en?lang=en | https://www.uni-siegen.de/en/phil/roads-application | https://www2.daad.de/deutschland/studienangebote/international-programmes/en/detail/4142/,2026-10-04,daad-4142,No,Not started,
"Transdisciplinary Studies of Climate, Environment and Energy (TRACEE)",University of Tübingen,Tübingen,Environment & sustainability,Higher English score,Conditional investigation,"Joint international programme with IELTS 6.5, substantial fees and explicit mathematics/science-credit requirements.",Master of Science,4 semesters,Joint degree with international mobility,Winter 2027/28,,Approximate annual window; exact dates unconfirmed,Mid-November–mid-January; exact next-cycle deadline is published by Stockholm University and was not verified.,No suitable open winter 2026/27 route verified for this profile in this research.,4500,"€4,500 per semester in the assumed non-EU category; exemptions require confirmation.",,A semester contribution applies; current amount not verified.,Non-EU fee category; partner charges and mobility costs need checking.,Source quote checked 4 October 2026; often 2026/27 or an earlier 2026 semester. Future rates unconfirmed.,"Study track 4: Environmental Chemistry and Toxicology:
a Bachelor’s degree in natural sciences or engineering
including the following subjects: 15 CP in mathematics or statistics or equivalent, 15 CP in chemistry, 6 CP in geology
Study track 6: Climate Change Science
including the following subjects: 6 CP in mathematics or statistics, 6 CP in physics, 6 CP in geology or chemistry or equivalent",6.5,IELTS Academic 6.5; confirm component minimums and certificate validity.,No minimum language level required,Please check this website .,https://www.su.se/english/education/course-catalogue/nc/nceeo,https://www.su.se/english/education/course-catalogue/nc/nceeo,,University pages and university-supplied DAAD entry,https://www.su.se/english/education/course-catalogue/nc/nceeo | https://www2.daad.de/deutschland/studienangebote/international-programmes/en/detail/11033/,2026-10-04,daad-11033,No,Not started,
International Master's in Physical Activity and Health,FAU Erlangen-Nürnberg,Erlangen,Health,Higher fees / fee check,Conditional investigation,Health/nutrition content may fit; new non-EU tuition makes the total cost unresolved.,Master of Arts,4 semesters,On campus / university-based; check programme format,Winter 2027/28,2027-05-31,Published 2027 dates,15 February–31 May 2027.,No suitable open winter 2026/27 route verified for this profile in this research.,,Non-EU tuition applies; current programme-specific amount not verified.,82,Approx. €82.00 per semester; verify the next intake rate.,€100 non-EU application fee quoted; non-EU tuition amount must be checked before applying.,Source quote checked 4 October 2026; often 2026/27 or an earlier 2026 semester. Future rates unconfirmed.,"Relevant health degree, or an accepted degree with at least 20 ECTS health content / qualifying work. Admission assessment and English B2 evidence apply.",,"English B2, assessed under the programme’s accepted evidence rules; confirm whether your IELTS certificate qualifies.",No minimum language level required,Please check this website .,https://www.master.sport.uni-erlangen.de,https://www.sport.fau.eu/studium/studiengaenge/master/application-procedure/,,University-supplied DAAD entry,https://www.master.sport.uni-erlangen.de | https://www.sport.fau.eu/studium/studiengaenge/master/application-procedure/ | https://www.fau.eu/studying/international-students/application-and-enrollment-for-international-applicants/tuition-fees-for-students-from-non-eu-states/ | https://www2.daad.de/deutschland/studienangebote/international-programmes/en/detail/4016/,2026-10-04,daad-4016,No,Not started,
Tourism Futures Studies (MSc),Heilbronn University of Applied Sciences,Heilbronn,Business & entrepreneurship,Higher fees / fee check,Conditional investigation,"Needs a business-related degree, grade 2.5 and a credit check; non-EU tuition applies.",Master of Science,"3 semesters, 4 semesters",On campus / university-based; check programme format,Winter 2027/28,2027-07-15,Annual pattern; next cycle unconfirmed,15 July; degree recognition must be completed in time.,No suitable open winter 2026/27 route verified for this profile in this research.,1500,"€1,500 per semester in the assumed non-EU category; exemptions require confirmation.",159,Approx. €159.00 per semester; verify the next intake rate.,,Source quote checked 4 October 2026; often 2026/27 or an earlier 2026 semester. Future rates unconfirmed.,"An excellent or good first degree (from a European institution) in business studies or in a business-related discipline (210 ECTS* credits and a grade point average of 2.5 or better on German grading scale) or an equivalent international qualification
*Applicants holding a degree with only 180 ECTS have the opportunity to obtain the missing 30 ECTS within the Master's programme by attending additional courses in the Bachelor's programme in International Business – Intercultural Studies offered by Heilbronn University.
Applicants with a first degree in business studies or a business-related field who have been trained in course-related jobs or have successfully studied abroad may receive bonus points that will facilitate their admission to the Master's programme.
Applicants with a first degree awarded by a non-German institution must prove that their Bachelor's degree is equivalent to a German first degree before applying to Heilbronn University. In order to have their qualifications validated, applicants have to contact the Studienkolleg Konstanz or uni-assist . The Studienkolleg Konstanz or uni-assist will assess the foreign Bachelor's degree and decide if it meets the requirements for entering a Master's degree programme in Germany. Applicants should contact the Studienkolleg Konstanz or uni-assist directly to learn about the documents that need to be submitted for the validation.",6.0,IELTS Academic 6; confirm component minimums and certificate validity.,No minimum language level required,Please check this website .,https://www.hs-heilbronn.de/en/tourism-futures-studies,https://www.hs-heilbronn.de/en/master-application,https://my.uni-assist.de/,University-supplied DAAD entry,https://www.hs-heilbronn.de/en/tourism-futures-studies | https://www.hs-heilbronn.de/en/master-application | https://www.hs-heilbronn.de/en/tuition-fees | https://www.uni-assist.de/en/how-to-apply/plan-your-application/vpd/ | https://www2.daad.de/deutschland/studienangebote/international-programmes/en/detail/3928/,2026-10-04,daad-3928,No,Not started,
Design Leadership (MSc),Technische Hochschule Ingolstadt,Ingolstadt,Design & art,Higher fees / fee check,Conditional investigation,"English score can fit, but relevant design/engineering credits and non-EU tuition apply.",Master of Science,3 semesters,On campus / university-based; check programme format,Winter 2027/28,2027-07-15,Published 2027 dates,1 April–15 July 2027.,No suitable open winter 2026/27 route verified for this profile in this research.,1200,"€1,200 per semester in the assumed non-EU category; exemptions require confirmation.",82,Approx. €82.00 per semester; verify the next intake rate.,,Source quote checked 4 October 2026; often 2026/27 or an earlier 2026 semester. Future rates unconfirmed.,"Proof of a Bachelor's degree in design (sciences), engineering sciences or a degree in another related discipline at a German university with at least 210 ECTS credit points or an equivalent degree from a foreign university
The Technische Hochschule Ingolstadt can only make a legally binding decision about your eligibility for your desired study programme after reviewing the documents you submit with your application. We can’t provide a definitive assessment or evaluate your chances of acceptance until we have your full application, including your educational history.
Furthermore, it is possible to find out if you’re qualified to study in Germany before applying. Detailed information is available at the following link: www.uni-assist.de/en/tools/check-university-admission .
Additionally, you can find out about the qualification requirements via the study and examination regulations (=Studien- und Prüfungsordnung = SPO). Find these on the following page under the respective statutes: https://www.thi.de/en/university/university-profile/university-management/legal-department/ .
Thank you for your understanding. You are very welcome to apply, and we will check your application documents.",5.5,IELTS Academic 5.5; confirm component minimums and certificate validity.,No minimum language level required,"• uni-assist
• Website",https://www.thi.de/studium/studienangebote/details/design-leadership-msc/,https://www.uni-assist.de/en/tools/check-university-admission/,https://my.uni-assist.de/,University-supplied DAAD entry,https://www.thi.de/studium/studienangebote/details/design-leadership-msc/ | https://www.thi.de/en/studies/international-degree-students/tuition-fees/ | https://www.uni-assist.de/en/tools/check-university-admission/ | https://www.thi.de/en/studies/application/master-application/ | https://www2.daad.de/deutschland/studienangebote/international-programmes/en/detail/8309/,2026-10-04,daad-8309,No,Not started,
Design for Digital Futures (MA),Technische Hochschule Nürnberg Georg Simon Ohm,Nürnberg,Design & art,Higher fees / fee check,Conditional investigation,"English score can fit, but a design degree/portfolio and non-EU tuition are important conditions.",Master of Arts,4 semesters,On campus / university-based; check programme format,Winter 2027/28,2027-05-31,Annual pattern; next cycle unconfirmed,2–31 May; portfolio selection applies.,No suitable open winter 2026/27 route verified for this profile in this research.,1000,"€1,000 per semester in the assumed non-EU category; exemptions require confirmation.",82,Approx. €82.00 per semester; verify the next intake rate.,,Source quote checked 4 October 2026; often 2026/27 or an earlier 2026 semester. Future rates unconfirmed.,"A Bachelor’s degree in design (minimum 180 ECTS)
A portfolio showcasing your recent projects
A motivational letter explaining your interest in the programme
Proof of English language proficiency (B2 level)
A curriculum vitae
For further information, please visit our website with FAQs on the admission requirements and application process.",5.5,IELTS Academic 5.5; confirm component minimums and certificate validity.,No minimum language level required,Please check this website .,https://d.th-nuernberg.de/digital-futures/,https://d.th-nuernberg.de/digital-futures/,,University-supplied DAAD entry,https://d.th-nuernberg.de/digital-futures/ | https://www2.daad.de/deutschland/studienangebote/international-programmes/en/detail/10494/,2026-10-04,daad-10494,No,Not started,
Master of Arts in Social Sciences (Global Studies Programme),University of Freiburg,Freiburg im Breisgau,Society & development,Higher fees / fee check,Conditional investigation,"Relevant social-science degree and English may fit, but joint-programme fees and compulsory study abroad must be budgeted.",Master of Arts,4 semesters,Joint degree with international mobility,Summer 2027,2026-11-30,Annual pattern; next cycle unconfirmed,15 September–30 November for summer.,No suitable open winter 2026/27 route verified for this profile in this research.,,Variable joint-programme / non-EU charges; not verified as tuition-free.,190,Approx. €190.00 per semester; verify the next intake rate.,"Application, assessment, travel and materials charges may be additional; see the route and fee sources.",Source quote checked 4 October 2026; often 2026/27 or an earlier 2026 semester. Future rates unconfirmed.,"BA with above-average results or the equivalent in a social science discipline or a related subject
Motivation letter (600 words)
Essay (max. 800 words excluding references)
English language skills (at least B2)",5.5,IELTS Academic 5.5; confirm component minimums and certificate validity.,No minimum language level required,Please check this website .,https://www.gsp.uni-freiburg.de/,https://www.gsp.uni-freiburg.de/,,University-supplied DAAD entry,https://www.gsp.uni-freiburg.de/ | https://www2.daad.de/deutschland/studienangebote/international-programmes/en/detail/3733/,2026-10-04,daad-3733,No,Not started,
Integrated Urbanism and Sustainable Design (IUSD),University of Stuttgart,Stuttgart,Design & art,Higher fees / fee check,Conditional investigation,Possible only with a relevant built-environment degree or qualifying professional experience; non-EU tuition normally applies.,Master of Science,4 semesters,On campus / university-based; check programme format,Winter 2027/28,2026-10-15,Annual pattern; next cycle unconfirmed,"Single Stuttgart degree: 15 October of the PREVIOUS year. Thus 15 October 2026 is for winter 2027/28, not winter 2026/27.",No suitable open winter 2026/27 route verified for this profile in this research.,1500,"Normally €1,500 per semester in the Baden-Württemberg non-EU category; check statutory exemptions.",200.0,Approx. 200 EUR per semester,"Application, assessment, travel and materials charges may be additional; see the route and fee sources.",Current source quote; exemption and next-cycle contribution need checking,"Built-environment degree, or another discipline with substantial relevant professional experience. Check the single Stuttgart degree separately from the joint route.",6.0,IELTS Academic 6; confirm component minimums and certificate validity.,No minimum language level required,Please check this website .,https://www.iusd.uni-stuttgart.de/,https://www.iusd.uni-stuttgart.de/application/,,University-supplied DAAD entry,https://www.iusd.uni-stuttgart.de/ | https://www.iusd.uni-stuttgart.de/application/ | https://www.iusd.uni-stuttgart.de/costs/ | https://www2.daad.de/deutschland/studienangebote/international-programmes/en/detail/4499/,2026-10-04,daad-4499,No,Not started,
Digital Technologies in Architecture and Design (DTAD),Bauhaus-Universität Weimar,Weimar,Design & art,Requirements unresolved,Conditional investigation,"The provider refers to relevant professional experience alongside an architecture/media/design degree. With no disclosed experience, clarify whether academic portfolio work can qualify before applying.",Master of Science,4 semesters,On campus / university-based; check programme format,Winter 2027/28,2027-05-15,Annual pattern; next cycle unconfirmed,Non-EU application deadline: 15 May.,No suitable open winter 2026/27 route verified for this profile in this research.,0,€0 tuition; semester contribution and any listed extra charges are separate.,340,Approx. €340.00 per semester; verify the next intake rate.,€20 one-time student card fee.,Source quote checked 4 October 2026; often 2026/27 or an earlier 2026 semester. Future rates unconfirmed.,"Students must either hold a relevant degree or equivalent certificate in architecture, media, digital arts or related fields with a scientific or artistic/design-oriented degree (Bachelor's, Master's, or ""Diplom"") and have equivalent professional experience. Additionally, students must pass the aptitude test.
The original document in German or in English, or a certified translation, must be submitted with the application.
Proof of English language proficiency at level B2 (minimum requirement) of the Common European Framework of Reference for Languages (CEFR) must be provided through certificates.
Applicants whose native language is not English must provide proof of this language proficiency. Exceptions are possible if an English-language degree or a full degree from an English-speaking country can be proven.
Application details: Bauhaus-Universität Weimar: Application",6.0,IELTS Academic 6; confirm component minimums and certificate validity.,No minimum language level required,"• uni-assist
• Website",https://www.uni-weimar.de/en/architecture-and-urbanism/institutes/bauhaus-ifex/dtad-mediaarchitecture-master-msc/study-programme/,https://www.uni-weimar.de/en/architecture-and-urbanism/institutes/bauhaus-ifex/dtad-mediaarchitecture-master-msc/application/,https://my.uni-assist.de/,University-supplied DAAD entry,https://www.uni-weimar.de/en/architecture-and-urbanism/institutes/bauhaus-ifex/dtad-mediaarchitecture-master-msc/study-programme/ | https://www.uni-weimar.de/en/architecture-and-urbanism/institutes/bauhaus-ifex/dtad-mediaarchitecture-master-msc/application/ | https://www.uni-weimar.de/de/architektur-und-urbanistik/institute/bauhaus-ifex/dtad-mediaarchitecture-master-msc/bewerbung/ | https://www2.daad.de/deutschland/studienangebote/international-programmes/en/detail/3655/,2026-10-04,daad-3655,No,Not started,
Expanded Media,Darmstadt University of Applied Sciences,Dieburg,Design & art,Requirements unresolved,Conditional investigation,"For a related non-media degree, practical media-production experience is required. No work/internship experience has been disclosed; ask whether substantial personal production work can qualify.",Master’s degree,"3 semesters, 4 semesters",On campus / university-based; check programme format,Summer 2027,,Exact date unverified,Summer project brief normally appears in mid-October. Exact application deadline must be checked on the programme’s application page.,No suitable open winter 2026/27 route verified for this profile in this research.,0,€0 tuition; semester contribution and any listed extra charges are separate.,267,Approx. €267.00 per semester; verify the next intake rate.,,Source quote checked 4 October 2026; often 2026/27 or an earlier 2026 semester. Future rates unconfirmed.,"The requirement for the Master's degree programme is a qualified undergraduate or graduate degree in the field of digital media. However, candidates from related fields (e.g. media design, media computer science, media management, or media studies) have a chance, provided they have practical experience in media production.
The grade point average should not be lower than 3.0. From a grade point average of 2.0, the applicants are also tested for their suitability.
The following documents are required to be submitted:
Final certificate of previous studies (alternative interim certificate), a diploma if the diploma was received from another university
Detailed curriculum vitae
Statement of motivation (personal statement) in video format, explaining the personal interest in this Master’s programme and the chosen focus (max. length of three minutes)
Portfolio with four work samples (enclosed as links to online sources like YouTube or Vimeo in a PDF please)
Exposé for a media-practical research project in the chosen focus area.
The topics will be published for the winter semester in mid-April and for the summer semester in mid-October at this web address: https://em.mediencampus.h-da.de/apply/ .
(This is where you will also find detailed, up-to-date information and a frequently asked questions section.)
Proof of practical experience (work certificates, letters of recommendation)
While you should demonstrate storytelling sensibilities for the Expanded Storyworlds focus , you need to have experience with sound design and knowledge of audio editing in at least one DAW as a precondition for the Expanded Sound & Music focus . The prerequisites for the Expanded Realities focus area are programming knowledge in a game engine (e.g. c# Unity 3D or c++ with the Unreal Engine, or Python ) as well as profound knowledge in 3D workflows and environments (e.g. Blender, Maya).",5.5,IELTS Academic 5.5; confirm component minimums and certificate validity.,No minimum language level required,Please check this website .,https://em.mediencampus.h-da.de/,https://mediencampus.h-da.de/studieren/studienangebot/master/expanded-media/application,,University-supplied DAAD entry,https://em.mediencampus.h-da.de/ | https://mediencampus.h-da.de/studieren/studienangebot/master/expanded-media/application | https://www2.daad.de/deutschland/studienangebote/international-programmes/en/detail/4677/,2026-10-04,daad-4677,No,Not started,
Entrepreneurship and Digital Transformation,Hochschule München University of Applied Sciences,München,Business & entrepreneurship,Requirements unresolved,Conditional investigation,Requires entrepreneurship/project experience and a 30-ECTS-equivalent remedy for a 180-ECTS degree. No extra credits or work/internships have been disclosed; ask whether additional study and a non-work project can qualify.,Master of Arts,3 semesters,On campus / university-based; check programme format,Winter 2027/28,2027-06-15,Annual pattern; next cycle unconfirmed,2 May–15 June.,No suitable open winter 2026/27 route verified for this profile in this research.,0,€0 tuition; semester contribution and any listed extra charges are separate.,97,Approx. €97.00 per semester; verify the next intake rate.,,Source quote checked 4 October 2026; often 2026/27 or an earlier 2026 semester. Future rates unconfirmed.,"First degree normally 210 ECTS. A 180-ECTS-equivalent degree needs another 30 ECTS-equivalent through approximately one year of relevant courses/work/internship. Entrepreneurship experience, project pitch/video and interview.",5.5,IELTS Academic 5.5; confirm component minimums and certificate validity.,No minimum language level required,"Please check this website .
Hochschule München University of Applied Sciences
University location
Activate map
To activate the map, click on the ""Show map"" button. We would like to point out that data will be transmitted to OpenStreetMap after activation. You can find out more in our privacy policy. You can revoke your consent to the transmission of data at any time.
Show map",https://www.hm.edu/deepdive/,https://www.hm.edu/deepdive/,,University-supplied DAAD entry,https://www.hm.edu/deepdive/ | https://www2.daad.de/deutschland/studienangebote/international-programmes/en/detail/6972/,2026-10-04,daad-6972,No,Not started,
"Sustainability Science: Entrepreneurship, Agency and Leadership",Leuphana University Lüneburg,Lüneburg,Business & entrepreneurship,Requirements unresolved,Conditional investigation,Official sources disagree on the accepted subject list. Obtain written clarification before paying for an application.,Master of Arts,4 semesters,On campus / university-based; check programme format,Winter 2027/28,2027-05-01,Annual pattern; next cycle unconfirmed,Use 1 May for planning the non-EU / foreign-degree route; check the exact applicant category. EU-category deadline: 1 June.,No suitable open winter 2026/27 route verified for this profile in this research.,0,€0 tuition; semester contribution and any listed extra charges are separate.,450,Approx. €450.00 per semester; verify the next intake rate.,,Source quote checked 4 October 2026; often 2026/27 or an earlier 2026 semester. Future rates unconfirmed.,"Both sources require 60 relevant ECTS. The programme page lists business/geography/economics; the February 2026 consecutive-subject sheet also lists psychology, social sciences, law and environmental/sustainability sciences. Do not assume the broader interpretation will be accepted.",5.5,"IELTS 5.5, Academic or General Training; certificate at most four years old under the university’s policy.",No minimum language level required,"• uni-assist
• Website",https://www.leuphana.de/en/graduate-school/masters-programmes/sustainability-science-entrepreneurship-agency-and-leadership.html,https://www.leuphana.de/master-apply,https://my.uni-assist.de/,University pages and university-supplied DAAD entry,https://www.leuphana.de/fileadmin/user_upload/grad_school/files/2Master/Infoblaetter/EN/EN_Consecutive-Subjects.pdf | https://www.leuphana.de/en/graduate-school/masters-application/admission-requirements.html | https://www.leuphana.de/en/graduate-school/masters-programmes/sustainability-science-entrepreneurship-agency-and-leadership.html | https://www.uni-assist.de/bewerben/online-bewerben/ | https://www2.daad.de/deutschland/studienangebote/international-programmes/en/detail/9702/,2026-10-04,daad-9702,No,Not started,
Urban Planning and Sustainable Transformation (UPST),OWL University of Applied Sciences and Arts,Detmold,Design & art,Requirements unresolved,Conditional investigation,The provider links to degree requirements that could not be reliably retrieved. Do not treat this as an eligible option until the department checks the transcript.,Master of Science,2 semesters,On campus / university-based; check programme format,Winter 2027/28,2027-03-31,Annual pattern; next cycle unconfirmed,Non-EU: 1 February–31 March; confirm the new cycle.,No suitable open winter 2026/27 route verified for this profile in this research.,0,€0 tuition; semester contribution and any listed extra charges are separate.,,A semester contribution applies; current amount not verified.,Semester contribution amount unverified; follow the official fee link.,Source quote checked 4 October 2026; often 2026/27 or an earlier 2026 semester. Future rates unconfirmed.,"English B2 / IELTS 6.0 is listed, but accepted degree fields, grades and credit conditions remain unverified in this research.",6.0,IELTS Academic 6; confirm component minimums and certificate validity.,No minimum language level required,"• uni-assist
• Website",https://www.th-owl.de/en/studies/available-courses/degree-programs/detail/urban-planning-and-sustainable-transformation/#c-accordion-study-3,https://kis-portal.th-owl.de/qisserver/pages/cs/sys/portal/hisinoneStartPage.faces?page=Bewerber%2F-innen,https://my.uni-assist.de/,University-supplied DAAD entry,https://www.th-owl.de/en/studies/available-courses/degree-programs/detail/urban-planning-and-sustainable-transformation/#c-accordion-study-3 | https://kis-portal.th-owl.de/qisserver/pages/cs/sys/portal/hisinoneStartPage.faces?page=Bewerber%2F-innen | https://www.th-owl.de/en/studies/application-and-enrollment/semester-dues/ | https://www2.daad.de/deutschland/studienangebote/international-programmes/en/detail/10478/,2026-10-04,daad-10478,No,Not started,
MA in International Social Work with Refugees and Migrants,Technical University of Applied Sciences Würzburg-Schweinfurt (THWS),Würzburg,Education & family,Requirements unresolved,Conditional investigation,"Normally 210 ECTS are required, but no additional German credits have been earned. A 180-ECTS remedy was not verified; obtain confirmation before applying.",Master of Arts,3 semesters,On campus / university-based; check programme format,Summer 2027,2026-12-15,Annual pattern; next cycle unconfirmed,15 October–15 December for summer.,No suitable open winter 2026/27 route verified for this profile in this research.,0,€0 tuition; semester contribution and any listed extra charges are separate.,182.1,Approx. €182.10 per semester; verify the next intake rate.,,Source quote checked 4 October 2026; often 2026/27 or an earlier 2026 semester. Future rates unconfirmed.,Related first degree normally 210 ECTS and German grade 2.5 or better. Get a transcript assessment before paying to apply.,6.0,IELTS Academic 6; confirm component minimums and certificate validity.,No minimum language level required,Please check this website .,https://fas.thws.de/en/mrm/,https://international.thws.de/en/thws-international/ways-to-thws/incoming-full-time-students/application/,,University-supplied DAAD entry,https://fas.thws.de/en/mrm/ | https://international.thws.de/en/thws-international/ways-to-thws/incoming-full-time-students/application/ | https://www2.daad.de/deutschland/studienangebote/international-programmes/en/detail/8603/,2026-10-04,daad-8603,No,Not started,
COOP Design Research MSc,Anhalt University of Applied Sciences,Dessau-Roßlau,Design & art,Not a current fit,Known barrier / screened out,Normally 240 ECTS and at least one year of practice are required. No extra credits or work experience are available under the stated profile.,Master of Science,2 semesters,On campus / university-based; check programme format,Winter 2027/28,2027-05-15,Annual pattern; next cycle unconfirmed,15 December–15 May.,No suitable open winter 2026/27 route verified for this profile in this research.,1250,"€1,250 per semester in the assumed non-EU category; exemptions require confirmation.",322.8,Approx. €322.80 per semester; verify the next intake rate.,,Source quote checked 4 October 2026; often 2026/27 or an earlier 2026 semester. Future rates unconfirmed.,Normally 240 ECTS in architecture/design or a relevant field and one year of practice. Ask whether the published bridging option can cover the shortfall from a three-year degree.,7.0,IELTS Academic 7; confirm component minimums and certificate validity.,No minimum language level required,Please apply via uni-assist .,https://coopdesignresearch.de/#home,https://www.hs-anhalt.de/en/study/paths-to-university/your-application.html,https://my.uni-assist.de/,University-supplied DAAD entry,https://coopdesignresearch.de/#home | https://www.hs-anhalt.de/en/study/paths-to-university/your-application.html | https://www2.daad.de/deutschland/studienangebote/international-programmes/en/detail/4474/,2026-10-04,daad-4474,No,Not started,
Master of Arts in Integrated Design,Anhalt University of Applied Sciences,Dessau-Roßlau,Design & art,Not a current fit,Known barrier / screened out,"At least one year of professional experience is mandatory; no work experience has been disclosed. IELTS can be retaken, but this does not remove the experience condition.",Master of Arts,4 semesters,On campus / university-based; check programme format,Summer 2027,2026-10-31,Annual pattern; next cycle unconfirmed,Summer: 31 July–31 October. Winter: 15 January–30 April.,No suitable open winter 2026/27 route verified for this profile in this research.,800,€800 per semester in the assumed non-EU category; exemptions require confirmation.,323,Approx. €323.00 per semester; verify the next intake rate.,,Source quote checked 4 October 2026; often 2026/27 or an earlier 2026 semester. Future rates unconfirmed.,"Related design first degree of at least 180 ECTS, portfolio/aptitude assessment and at least one year of professional experience.",7.0,IELTS Academic 7; confirm component minimums and certificate validity.,No minimum language level required,Please apply via uni-assist .,https://www.hs-anhalt.de/maid,https://www.hs-anhalt.de/maid,https://my.uni-assist.de/,University-supplied DAAD entry,https://www.hs-anhalt.de/maid | https://www2.daad.de/deutschland/studienangebote/international-programmes/en/detail/4057/,2026-10-04,daad-4057,No,Not started,
Master of Business Administration International Trade (MBA),Anhalt University of Applied Sciences,Bernburg / Saale,Business & entrepreneurship,Not a current fit,Known barrier / screened out,The three-year-bachelor route requires at least two years of relevant work. No work experience has been disclosed.,Master of Business Administration,3 semesters,On campus / university-based; check programme format,Winter 2027/28,2027-07-15,Annual pattern; next cycle unconfirmed,15 March–15 July.,No suitable open winter 2026/27 route verified for this profile in this research.,1500,"€1,500 per semester in the assumed non-EU category; exemptions require confirmation.",96,Approx. €96.00 per semester; verify the next intake rate.,,Source quote checked 4 October 2026; often 2026/27 or an earlier 2026 semester. Future rates unconfirmed.,Recognised degree from any field; holders of a three-year bachelor’s degree must document at least two years of relevant professional experience. IELTS Academic 6.0.,6.0,IELTS Academic 6; confirm component minimums and certificate validity.,No minimum language level required,Please apply via uni-assist .,https://www.hs-anhalt.de/nc/studieren/orientierung/studienangebot/detail/international-trade-master-of-business-administration.html,https://www.hs-anhalt.de/studiengaenge/mtr/admission.html,https://my.uni-assist.de/,University-supplied DAAD entry,https://www.hs-anhalt.de/nc/studieren/orientierung/studienangebot/detail/international-trade-master-of-business-administration.html | https://www.hs-anhalt.de/studiengaenge/mtr/admission.html | https://www2.daad.de/deutschland/studienangebote/international-programmes/en/detail/7609/,2026-10-04,daad-7609,No,Not started,
Master's Degree Programme Architectural and Cultural Heritage (MAC),Anhalt University of Applied Sciences,Dessau-Roßlau,Design & art,Not a current fit,Known barrier / screened out,At least one year of work / substantial conservation preparation is required. No work experience has been disclosed.,Master of Arts,4 semesters,On campus / university-based; check programme format,Summer 2027,2026-12-15,Annual pattern; next cycle unconfirmed,Summer: 15 September–15 December. Winter: 15 March–15 May.,No suitable open winter 2026/27 route verified for this profile in this research.,750,€750 per semester in the assumed non-EU category; exemptions require confirmation.,322.8,Approx. €322.80 per semester; verify the next intake rate.,,Source quote checked 4 October 2026; often 2026/27 or an earlier 2026 semester. Future rates unconfirmed.,"Relevant architecture/design/conservation first degree, or an accepted other degree plus substantial conservation experience; at least one year of professional work.",6.5,IELTS Academic 6.5; confirm component minimums and certificate validity.,No minimum language level required,Please apply via uni-assist .,https://www.hs-anhalt.de/en/degree-programs/mac.html,https://www.hs-anhalt.de/studiengaenge/mac/apply-to.html,https://my.uni-assist.de/,University-supplied DAAD entry,https://www.hs-anhalt.de/en/degree-programs/mac.html | https://www.hs-anhalt.de/en/study/paths-to-university/your-application.html | https://www2.daad.de/deutschland/studienangebote/international-programmes/en/detail/4346/,2026-10-04,daad-4346,No,Not started,
Media Ecologies,Bauhaus-Universität Weimar,Weimar,Design & art,Not a current fit,Known barrier / screened out,"Media-studies degree equivalence, grade 2.3 and IELTS 6.5 required; no substantial media-studies preparation has been disclosed.",Master of Arts,4 semesters,On campus / university-based; check programme format,Next intake: check programme,,Next-cycle exact date unverified,"The following is valid for applicants from: non-EU countries
For the winter semester:
1 April - 15 July The following is valid for applicants from: EU countries
1 April - 30 September",No suitable open winter 2026/27 route verified for this profile in this research.,0,€0 tuition; semester contribution and any listed extra charges are separate.,340.0,"The semester contribution is approx. 340 EUR per semester. This is allocated to student services & the student council. It includes the ""Deutschlandticket"", which provides free regional public transport (bus and train) in all of Germany. Moreover, it provides student discounts for meals at the university cafeteria, for theatre and museum tickets, and access to the university sports complex. Additionally, the student ID card costs 20 EUR (one-time fee).","Application, assessment, travel and materials charges may be additional; see the route and fee sources.",Source quote checked 4 October 2026; often 2026/27 or an earlier 2026 semester. Future rates unconfirmed.,"The programme is aimed at graduates of relevant Media Culture and Media Studies degree programmes who can be assumed already to have acquired a broad theoretical and methodological knowledge of the subject. This will provide a sound basis for them to be able to develop specialised consideration, investigation and practical application of media as ecology and the media in ecology, especially within the framework of Media Studies.
Admissions requirements:
Bachelor of Arts degree in Media Culture or Media Studies, or an officially recognised first university degree qualifying for entry to a profession in a relevant subject, with a final grade of at least 2.3
Letter of motivation (in English) of approximately one to two pages. This should include an overview of the applicant’s previous academic education and relevant professional/practical training, as well as a summary of their future (research) goals with reference to the focal points of the programme.
Proof of English-language proficiency of at least B2 level as set out by the Common European Framework of Reference for Languages (CEFR), for example IELTS or TOEFL",6.5,IELTS Academic 6.5; confirm component minimums and certificate validity.,No minimum language level required,Please apply via uni-assist .,https://www.uni-weimar.de/de/medien/studium/media-ecologies-ma/,https://www.stw-thueringen.de/en/housing/application/online-application.html,https://my.uni-assist.de/,University-supplied DAAD entry,https://www.uni-weimar.de/de/medien/studium/media-ecologies-ma/ | https://www2.daad.de/deutschland/studienangebote/international-programmes/en/detail/10413/,2026-10-04,daad-10413,No,Not started,
Master of Science in Environmental Sustainability,Bingen University of Applied Sciences,Bingen am Rhein,Environment & sustainability,Not a current fit,Known barrier / screened out,"For an accepted 180-ECTS degree, at least six months of relevant practical experience is required. No experience or extra credits have been disclosed.",Master of Science,3 semesters,On campus / university-based; check programme format,Summer 2027,,Official deadline TBA,The official deadline table marks summer 2027 Environmental Sustainability as “tba”. Do not use deadlines shown for the university’s other courses.,No suitable open winter 2026/27 route verified for this profile in this research.,0,€0 tuition; semester contribution and any listed extra charges are separate.,240,Approx. €240.00 per semester; verify the next intake rate.,,Source quote checked 4 October 2026; often 2026/27 or an earlier 2026 semester. Future rates unconfirmed.,"Normally 210 ECTS, or 180 ECTS plus at least six months of relevant practical experience. At least 8 ECTS in each of three of these five areas: mathematics; physics/mechanics; chemistry; biology/ecology; economics. Usually grade 2.5 or better; exceptional cases need review.",5.5,IELTS Academic 5.5; confirm component minimums and certificate validity.,No minimum language level required,"• uni-assist
• Website",https://www.th-bingen.de/studium/master/environmental-sustainability,https://www.th-bingen.de/en/studium/vor-dem-studium/application-and-enrolment,,University pages and university-supplied DAAD entry,https://www.th-bingen.de/en/studium/vor-dem-studium/application-and-enrolment/deadlines | https://www.th-bingen.de/studium/master/environmental-sustainability | https://www.th-bingen.de/en/studium/vor-dem-studium/application-and-enrolment | https://www.th-bingen.de/en/studium/im-studium/studienorganisation/semesterbeitrag | https://www.th-bingen.de/en/studium/vor-dem-studium/application-and-enrolment/bewerbung-mit-auslaendischen-zeugnissen | https://www2.daad.de/deutschland/studienangebote/international-programmes/en/detail/7721/,2026-10-04,daad-7721,No,Not started,
Master of Science in International Health (MScIH),Charité - Universitätsmedizin Berlin,Berlin,Health,Not a current fit,Known barrier / screened out,Normally 210 ECTS and at least one year of relevant work are required. The stated profile has no additional credits or work experience.,Master of Science,4 semesters,On campus / university-based; check programme format,Winter 2027/28,2026-12-31,Annual pattern; next cycle unconfirmed,15 October–31 December for the next annual intake; confirm full-time/modular route and fees.,No suitable open winter 2026/27 route verified for this profile in this research.,3225,"€3,225 per semester in the assumed non-EU category; exemptions require confirmation.",350,Approx. €350.00 per semester; verify the next intake rate.,Tuition shown is an indicative full-time semester equivalent; modular and part-time charges differ.,Source quote checked 4 October 2026; often 2026/27 or an earlier 2026 semester. Future rates unconfirmed.,"Academic admission requirements include a completed Bachelor's degree (minimum duration of three and a half years / 210 ECTS credit points) in a health-related field.
In addition, all applicants must show a minimum of one year of work experience after their first qualifying degree.
Applicants with health-related professional experience in low- or middle-income countries will be given preference for admission.",6.0,IELTS Academic 6; confirm component minimums and certificate validity.,No minimum language level required,Please check this website .,https://internationalhealth.charite.de/en/,https://internationalhealth.charite.de/en/application_admission/application_study_programmes,,University-supplied DAAD entry,https://internationalhealth.charite.de/en/ | https://internationalhealth.charite.de/en/application_admission/application_study_programmes | https://internationalhealth.charite.de/en/tuition_fees | https://internationalhealth.charite.de/en/application_admission | https://www2.daad.de/deutschland/studienangebote/international-programmes/en/detail/6101/,2026-10-04,daad-6101,No,Not started,
Sustainable Entrepreneurship & Social Innovation (SESIN),Eberswalde University for Sustainable Development,Eberswalde,Business & entrepreneurship,Not a current fit,Known barrier / screened out,"German B2 is required, beyond the disclosed A1 level.",Master of Arts,4 semesters,On campus / university-based; check programme format,Next intake: check programme,,Next-cycle exact date unverified,"The following is valid for applicants from:
EU countries
Iceland
Norway
Liechtenstein
For the winter semester:
1 March - 15 July The following is valid for applicants from: non-EU countries
1 March - 1 June",No suitable open winter 2026/27 route verified for this profile in this research.,0,€0 tuition; semester contribution and any listed extra charges are separate.,376.0,"376 EUR per semester
This includes a semester ticket for public transport in Germany (Deutschlandsemesterticket).","Application, assessment, travel and materials charges may be additional; see the route and fee sources.",Source quote checked 4 October 2026; often 2026/27 or an earlier 2026 semester. Future rates unconfirmed.,"A thematically relevant Bachelor's degree from a university or university of applied sciences or another equivalent degree from a state-recognised university is required for admission to the Master's degree programme. This first professionally qualifying university degree must comprise at least 180 ECTS credit points and must have been obtained in the field of economics or in a degree programme with an economics component (e.g. business psychology, business informatics, industrial engineering, or business education). Applicants must provide evidence of at least 30 ECTS credit points from thematically distinct economics modules completed as part of their first degree programme. Credit points from transfer modules and theses are not eligible. The relevant study modules include general business administration, economics, accounting, business and corporate law, human resources management, controlling, marketing, market research, corporate management, sustainability management, and business mathematics. Business administration modules (such as general business administration and marketing) must be represented with a total of at least 10 ECTS credit points.",,"B2 required, please provide an official language certificate, e.g.:
Cambridge English Qualifications: B2 First","B2 required, please provide an official language certificate, e.g.:
Goethe-Zertifikat: Goethe-Zertifikat B2",Please apply via uni-assist .,https://www.hnee.de/en/studies/master-programmes/sustainable-entrepreneurship-social-innovation,https://www.hnee.de/en/studies/master-programmes/sustainable-entrepreneurship-social-innovation,https://my.uni-assist.de/,University-supplied DAAD entry,https://www.hnee.de/en/studies/master-programmes/sustainable-entrepreneurship-social-innovation | https://www2.daad.de/deutschland/studienangebote/international-programmes/en/detail/10443/,2026-10-04,daad-10443,No,Not started,
Business Consulting Master (BCM),Furtwangen University,Furtwangen im Schwarzwald,Business & entrepreneurship,Not a current fit,Known barrier / screened out,At least one year of post-degree professional experience is required. No work experience has been disclosed.,Master of Science,3 semesters,On campus / university-based; check programme format,Summer 2027,2026-10-15,Annual pattern; next cycle unconfirmed,"15 October for the following SUMMER intake, not winter 2026/27.",No suitable open winter 2026/27 route verified for this profile in this research.,1560,"Provider lists approximately €1,560/semester; payment schedule is an upfront course charge, not a zero-tuition route.",176,Approx. €176.00 per semester; verify the next intake rate.,"The university quotes €4,676 upfront for the three-semester course including the first €176 semester contribution; verify later contributions.",Source quote checked 4 October 2026; often 2026/27 or an earlier 2026 semester. Future rates unconfirmed.,"Undergraduate degree/BSc in Business Economics, Information Technology, Engineering, Social Sciences or similar
Minimum of one year of relevant professional experience AFTER graduation (full-time work experience)
Official language certificate from IELTS required that is valid when the BCM programme starts in March",6.0,IELTS Academic 6; confirm component minimums and certificate validity.,No minimum language level required,Please check this website .,https://www.hs-furtwangen.de/en/programmes/business-consulting-master/,https://www.hs-furtwangen.de/en/study/programmes/business-consulting-master/apply-now-for-bcm,,University-supplied DAAD entry,https://www.hs-furtwangen.de/en/programmes/business-consulting-master/ | https://www2.daad.de/deutschland/studienangebote/international-programmes/en/detail/3737/,2026-10-04,daad-3737,No,Not started,
Master of Public Health (MPH),Hamburg University of Applied Sciences,Hamburg,Health,Not a current fit,Known barrier / screened out,Normally 210 ECTS and at least one year of relevant work are required. The stated profile has no additional credits or work experience.,Master’s degree,3 semesters,On campus / university-based; check programme format,Winter 2027/28,2027-02-28,Annual pattern; next cycle unconfirmed,Winter deadline: 28 February. The summer 2027 deadline of 31 August 2026 has already passed.,No suitable open winter 2026/27 route verified for this profile in this research.,2400,"€2,400 per semester in the assumed non-EU category; exemptions require confirmation.",379,Approx. €379.00 per semester; verify the next intake rate.,,Source quote checked 4 October 2026; often 2026/27 or an earlier 2026 semester. Future rates unconfirmed.,"First degree either in health sciences / public health or a similar degree relevant to health sciences, such as medicine, social sciences, nursing or a degree in a health care profession or a degree in a discipline that is closely related to health sciences such as, for example, economics and a minimum of 210 ECTS
Proof of one year of professional experience in public health or qualified scientific work with convincing substantial and methodological relevance to health sciences / public health (attestation of employer)
Language certificate if English is not your first language (see language requirements)
Uni-assist (VPD) ( www.uni-assist.de ): Students who completed their school education outside Germany must have their high school and Bachelor certificates checked by uni-assist and receive a VPD BEFORE applying to the HAW Hamburg. The VPD from uni-assist must be uploaded as part of the application process at HAW Hamburg. Please be advised that the uni-assist VPD process can take six to eight weeks, so please apply early.
For more information about academic requirements: HAW-Hamburg: Public Health (MPH) – Information for prospective students",7.0,IELTS Academic 7; confirm component minimums and certificate validity.,No minimum language level required,Please check this website .,https://www.haw-hamburg.de/en/study/degree-courses-a-z/study-courses-in-detail/course/courses/show/public-health/Studieninteressierte/,https://www.haw-hamburg.de/en/study/degree-courses-a-z/study-courses-in-detail/course/courses/show/public-health/Studieninteressierte/,,University-supplied DAAD entry,https://www.haw-hamburg.de/en/study/degree-courses-a-z/study-courses-in-detail/course/courses/show/public-health/Studieninteressierte/ | https://www2.daad.de/deutschland/studienangebote/international-programmes/en/detail/4029/,2026-10-04,daad-4029,No,Not started,
Social Protection (MSc),Hochschule Bonn-Rhein-Sieg,Sankt Augustin,Society & development,Not a current fit,Known barrier / screened out,"At least five months of relevant practical experience is required, alongside 15 social-protection ECTS. No work/internship experience has been disclosed.",Master of Science,4 semesters,On campus / university-based; check programme format,Winter 2027/28,2027-02-15,Annual pattern; next cycle unconfirmed,Visa-required category: 15 November–15 February. Applicants already holding an applicable visa / not needing a new visa may have until 31 May; obtain confirmation that your permit qualifies.,No suitable open winter 2026/27 route verified for this profile in this research.,0,€0 tuition; semester contribution and any listed extra charges are separate.,,A semester contribution applies; current amount not verified.,Current semester contribution not verified.,Source quote checked 4 October 2026; often 2026/27 or an earlier 2026 semester. Future rates unconfirmed.,"At least 15 ECTS in social-protection-related topics and five months of relevant practical experience, in addition to the recognised degree.",7.0,IELTS Academic 7; confirm component minimums and certificate validity.,No minimum language level required,"• uni-assist
• Postal address:
Hochschule Bonn-Rhein-Sieg
Social Policy and Social Security Studies
Allex Semba
Grantham-Allee 20
53757 Sankt Augustin",https://www.h-brs.de/en/sv/master/social-protection,https://www.h-brs.de/en/sv/master/social-protection,https://my.uni-assist.de/,University-supplied DAAD entry,https://www.h-brs.de/en/sv/master/social-protection | http://www.h-brs.de/en/d5/fees | https://www2.daad.de/deutschland/studienangebote/international-programmes/en/detail/4469/,2026-10-04,daad-4469,No,Not started,
Sustainable Textiles (MEng),Hof University of Applied Sciences,Hof,Design & art,Not a current fit,Known barrier / screened out,"Requires a technical/scientific textile degree with at least 60 textile-technology and 20 chemistry ECTS, plus IELTS 6.5. An interior design minor does not establish that preparation.",Master of Engineering,3 semesters,On campus / university-based; check programme format,Next intake: check programme,,Next-cycle exact date unverified,"The following is valid for applicants from: all countries
For the winter semester:
15 April - 31 May The following is valid for applicants from: all countries
For the summer semester:
5 November - 30 November",No suitable open winter 2026/27 route verified for this profile in this research.,0,€0 tuition; semester contribution and any listed extra charges are separate.,150.0,Administrative fee of approx. 150 EUR per semester,"Application, assessment, travel and materials charges may be additional; see the route and fee sources.",Source quote checked 4 October 2026; often 2026/27 or an earlier 2026 semester. Future rates unconfirmed.,"Bachelor's degree in engineering or natural sciences providing sufficient knowledge in textile technology and textile chemistry from an accredited university, at least 210 ECTS or equivalent (depending on home country); minimum grade 2.5 according to the German grading system
Sufficient knowledge means that you achieved at least 60 credits (or their equivalent) in textile technology and 20 credits in (textile) chemistry during your first degree.
Applicants with less than 210 credits (ECTS) can be accepted but have to gain the missing credits by attending appropriate modules at Hof University. In this case, please calculate an additional (fourth) semester.",6.5,IELTS Academic 6.5; confirm component minimums and certificate validity.,"A1 required, please provide an official language certificate, e.g.:
Goethe-Zertifikat: Goethe-Zertifikat A1
ÖSD Zertifikat: A1
telc Deutsch: telc Deutsch A1",Please check this website .,https://www.hof-university.com/studying-at-hof-university/our-degree-programs/sustainable-textiles-meng.html,https://www.hof-university.com/studying-at-hof-university/application-and-admission.html,,University-supplied DAAD entry,https://www.hof-university.com/studying-at-hof-university/our-degree-programs/sustainable-textiles-meng.html | https://www.hof-university.com/studying-at-hof-university/application-and-admission.html | https://www3.primuss.de/cgi-bin/bew_anmeldung_v3/index.pl?Session=&FH=fhh&Email=&Portal=1&Language=en | https://www2.daad.de/deutschland/studienangebote/international-programmes/en/detail/6237/,2026-10-04,daad-6237,No,Not started,
"Interdisciplinary Studies on Eastern Europe, MA (English Option)",Justus Liebig University Giessen,Gießen,Society & development,Not a current fit,Known barrier / screened out,Requires a relevant Slavic/Eastern European language; English/Hindi/Punjabi do not meet that requirement.,Master of Arts,4 semesters,On campus / university-based; check programme format,Next intake: check programme,,Next-cycle exact date unverified,"The following is valid for applicants from: all countries
For the winter semester:
1 June - 15 August",No suitable open winter 2026/27 route verified for this profile in this research.,0,€0 tuition; semester contribution and any listed extra charges are separate.,403.0,"403 EUR (summer semester 2026, varies slightly with each semester)
The current semester contribution can be found here: https://www.uni-giessen.de/en/org/admin/departments/b/5/studoffice/sc .","Application, assessment, travel and materials charges may be additional; see the route and fee sources.",Source quote checked 4 October 2026; often 2026/27 or an earlier 2026 semester. Future rates unconfirmed.,"A) BA degree (or an equivalent, officially recognised degree) related to the humanities or social sciences , with proven knowledge in the chosen major subject (20 CP) and one of the chosen minor subjects (10 CP) would be preferred. Applications with other BA degrees may also be under consideration.
B) Language skills : English min. B2 (details see below)
C) Language skills : Slavic or Eastern European Language",6.0,IELTS Academic 6; confirm component minimums and certificate validity.,No minimum language level required,"• uni-assist
• Website",https://www.uni-giessen.de/en/faculties/research-centers/gizo-en/study/interdisciplinary-studies-on-eastern-europe-english-option-1,https://bewerbung.uni-giessen.de/,https://my.uni-assist.de/,University-supplied DAAD entry,https://www.uni-giessen.de/en/faculties/research-centers/gizo-en/study/interdisciplinary-studies-on-eastern-europe-english-option-1 | https://www.uni-giessen.de/en/faculties/research-centers/gizo-en/study/interdisciplinary-studies-on-eastern-europe-english-option-1?set_language=en | https://bewerbung.uni-giessen.de/ | https://www2.daad.de/deutschland/studienangebote/international-programmes/en/detail/8302/,2026-10-04,daad-8302,No,Not started,
Sustainable Transition,Justus Liebig University Giessen,Gießen,Society & development,Not a current fit,Known barrier / screened out,"Fully online programme, IELTS 7 and specific subject credits. Not established as a suitable on-campus study/residence replacement.",Master of Science,4 semesters,Fully online; not assessed as an on-campus replacement,Next intake: check programme,,Next-cycle exact date unverified,"The following is valid for applicants from: all countries
For the winter semester:
until 15 August 2026",No suitable open winter 2026/27 route verified for this profile in this research.,0,€0 tuition; semester contribution and any listed extra charges are separate.,120.0,"120 EUR (summer semester 2026, varies slightly with each semester)
The current semester contribution can be found here: https://www.uni-giessen.de/en/org/admin/departments/b/5/studoffice/sc .","Application, assessment, travel and materials charges may be additional; see the route and fee sources.",Source quote checked 4 October 2026; often 2026/27 or an earlier 2026 semester. Future rates unconfirmed.,"In general, students can apply for this Master's programme if they hold a Bachelor's degree with a duration of at least three years (180 credits) or a comparable degree and the grade ""good"" or ""very good"" (minimum grade of 2.6 in the German grading system) in a closely related scientific field. For example:
Agrarwissenschaften (Agricultural Science)
Ernährungswissenschaften (Nutrition)
Nachwachsende Rohstoffe und Bioressourcen (Crop Biomass and Bioresources)
Ökotrophologie (Nutritional Sciences and Home Economics)
Umwelt und globaler Wandel (Environment and Global Change)
Umweltmanagement (Environmental Management)
Wirtschaftswissenschaften (Economics)
Rechtswissenschaften (Law)
Sozial- und Politikwissenschaften (Political Science)
Applications with a Bachelor’s degree in another scientific field or with a Bachelor’s degree from abroad will be examined individually as to whether the study requirements are fulfilled. For the Sustainable Transition Master’s programme sufficient knowledge in the fields of economics, law and/or social sciences must be demonstrated, with at least 60 CP in one of these fields.
The application must also include a letter of motivation with 500 words (+/- 10%) outlining the candidate’s personal motivation and subject-specific knowledge. The criteria for the evaluation of the motivation letter are given in the examination regulations.
A specialist commission at JLU will then finally decide on the admission. Any information on the status of acceptance without having completed the application process is not possible.
Detailed information about the application process is provided here: https://www.uni-giessen.de/en/faculties/f09/studies/general .",7.0,IELTS Academic 7; confirm component minimums and certificate validity.,No minimum language level required,Please apply via uni-assist .,https://www.uni-giessen.de/studium/sustainable-transition,https://www.uni-giessen.de/en/study/application,https://my.uni-assist.de/,University-supplied DAAD entry,https://www.uni-giessen.de/studium/sustainable-transition | https://www.uni-giessen.de/en/study/application | https://www2.daad.de/deutschland/studienangebote/international-programmes/en/detail/7753/,2026-10-04,daad-7753,No,Not started,
Small Enterprise Promotion & Training (SEPT MBA),Leipzig University,Leipzig,Business & entrepreneurship,Not a current fit,Known barrier / screened out,"Although an Indian three-year first-class degree can qualify, at least two years of relevant professional work are required. No work experience has been disclosed.",Master of Business Administration,4 semesters,On campus / university-based; check programme format,Winter 2027/28,2027-03-15,Annual pattern; next cycle unconfirmed,Self-funded applications: 1 January–15 March. EPOS scholarship deadline 1 October of the previous year is separate and has passed for this cycle.,No suitable open winter 2026/27 route verified for this profile in this research.,1500,"€1,500 per semester in the assumed non-EU category; exemptions require confirmation.",320,Approx. €320.00 per semester; verify the next intake rate.,Do not assume EPOS eligibility: prolonged residence in Germany can affect that scholarship route.,Source quote checked 4 October 2026; often 2026/27 or an earlier 2026 semester. Future rates unconfirmed.,For the stated Indian-degree route: three-year bachelor with first class and at least 60%; at least two years of relevant professional experience. IELTS Academic 6.0. The exact percentage and degree recognition remain unverified for this profile.,6.0,IELTS Academic 6; confirm component minimums and certificate validity.,No minimum language level required,Please check this website .,https://www.wifa.uni-leipzig.de/en/sept-competence-center/masters-program,https://www.wifa.uni-leipzig.de/en/sept-competence-center/masters-program/application,,University-supplied DAAD entry,https://www.wifa.uni-leipzig.de/en/sept-competence-center/masters-program | https://www.wifa.uni-leipzig.de/en/sept-competence-center/masters-program/application | https://www2.daad.de/deutschland/studienangebote/international-programmes/en/detail/9746/,2026-10-04,daad-9746,No,Not started,
Master of Science in International Health,Ludwig-Maximilians-Universität München,München,Health,Not a current fit,Known barrier / screened out,At least two years of relevant health work and a credit remedy are required. The stated profile has no work experience or additional credits.,Master of Science,2 semesters,On campus / university-based; check programme format,Winter 2027/28,2027-01-31,Annual pattern; next cycle unconfirmed,1 December–31 January.,No suitable open winter 2026/27 route verified for this profile in this research.,6000,"€6,000 per semester in the assumed non-EU category; exemptions require confirmation.",97,Approx. €97.00 per semester; verify the next intake rate.,,Source quote checked 4 October 2026; often 2026/27 or an earlier 2026 semester. Future rates unconfirmed.,"Completed, first university degree of min. 240 ECTS credit points in a health-related science (usually equivalent to a full-time, four-year university degree programme with eight semesters). Applicants who have a qualifying, first degree of six semesters and 180 ECTS credit points may be admitted to the MSc programme if they meet additional requirements (i.e. additional courses and/or work experience). If this applies to you, please contact the MSc Programme Coordination for further information.
At least two years of relevant, full-time work experience in the health sector is required. A work duration of two years must have been reached by the time that the application is submitted. Internships usually do not count. Only internships of longer duration can be possibly considered, given their relevant role proven by a respective reference and provided that they are equivalent to full-time employment.",6.0,IELTS Academic 6; confirm component minimums and certificate validity.,No minimum language level required,Please check this website .,https://www.lmu-klinikum.de/cih-lmu/education/study-programs/master-programs/msc-international-health/d020023bf027aeb6,https://www.lmu-klinikum.de/cih-lmu/education/study-programs/master-programs/msc-international-health/d020023bf027aeb6,,University-supplied DAAD entry,https://www.lmu-klinikum.de/cih-lmu/education/study-programs/master-programs/msc-international-health/d020023bf027aeb6 | https://www.lmu-klinikum.de/cih-lmu/education/study-programs/master-programs/course-fee-structure/80771ebfbdb79e75 | https://www.lmu.de/en/workspace-for-students/abc-study-guide/semester-fees-for-the-munich-student-union/index.html | https://www2.daad.de/deutschland/studienangebote/international-programmes/en/detail/5590/,2026-10-04,daad-5590,No,Not started,
International Corporate Communication and Media Management (ICCMM),Neu-Ulm University of Applied Sciences,Neu-Ulm,Business & entrepreneurship,Not a current fit,Known barrier / screened out,"Requires 60 ECTS corporate communication/media management, GRE and normally 210 ECTS. Provider’s German A1/A2 statements conflict; clarify before reconsidering.",Master of Arts,3 semesters,On campus / university-based; check programme format,Next intake: check programme,,Next-cycle exact date unverified,"The following is valid for applicants from: non-EU countries
For the summer semester:
15 November - 15 January The following is valid for applicants from: non-EU countries
For the winter semester:
2 May - 15 July The following is valid for applicants from: EU countries
15 November - 15 February The following is valid for applicants from: EU countries
2 May - 31 August",No suitable open winter 2026/27 route verified for this profile in this research.,0,€0 tuition; semester contribution and any listed extra charges are separate.,100.0,"The administration fees for enrolment are around 100 EUR per semester .
You will be informed of the exact amount with your letter of acceptance.","Application, assessment, travel and materials charges may be additional; see the route and fee sources.",Source quote checked 4 October 2026; often 2026/27 or an earlier 2026 semester. Future rates unconfirmed.,"Completed university studies with at least 210 ECTS (those with fewer ECTS, please see University degree does not reach 210 ECTS )
grade 2.5 or better
60 ECTS in corporate communications or media management, e.g. marketing, media design, journalism
Graduate Record Examination (GRE) General Test
Languages:
English B2
for international applicants: German A1 (The language certificate must be submitted by the end of the first semester.)
The programme has unrestricted admission .
Application process and FAQ
Application steps and application portal",,"B2 required, proof via placement test/interview","A2 required, proof via placement test/interview",Please check this website .,https://www.hnu.de/en/studies/degree-programmes/masters-programmes/international-corporate-communication-and-media-management-ma,https://www.hnu.de/en/studies/before-the-study/application/application-procedure-admission#c1107692,,University-supplied DAAD entry,https://www.hnu.de/en/studies/degree-programmes/masters-programmes/international-corporate-communication-and-media-management-ma | https://www.hnu.de/en/studies/before-the-study/application/application-procedure-admission#c1107692 | https://www.hnu.de/en/studies/before-the-study/application/application-for-international-students | https://www.hnu.de/en/studies/before-the-study/application/application-procedure-admission | https://www2.daad.de/deutschland/studienangebote/international-programmes/en/detail/5205/,2026-10-04,daad-5205,No,Not started,
Digital Business Management (Master of Science),Nürtingen-Geislingen University,Nürtingen,Business & entrepreneurship,Not a current fit,Known barrier / screened out,Fully online fee-paying programme; not established as a suitable on-campus study/residence replacement.,Master of Science,4 semesters,Fully online; not assessed as an on-campus replacement,Next intake: check programme,,Next-cycle exact date unverified,This programme has no deadline listed.,No suitable open winter 2026/27 route verified for this profile in this research.,3200.0,"€3,200 per semester in the assumed non-EU category; exemptions require confirmation.",,https://www.hfwu.com/dbx/#c92349,"Application, assessment, travel and materials charges may be additional; see the route and fee sources.",Source quote checked 4 October 2026; often 2026/27 or an earlier 2026 semester. Future rates unconfirmed.,"Admission requirements for the Master of Science:
First university degree (Bachelor's degree or equivalent programme with at least 210 ECTS)
If you only have 180 ECTS, you can also get admitted, but would need to have a work experience of at least six months that you need to proof.
No formal admission requirements for Diploma & Certificate studies and certificate courses
For the combined study programme (Diploma/Certificate or certificate course and MSc), the above-mentioned admission requirements for the MSc apply.",,No minimum language level required,No minimum language level required,Please check this website .,http://www.hfwu.com/dbx,http://www.hfwu.com/dbx,,University-supplied DAAD entry,http://www.hfwu.com/dbx | https://www2.daad.de/deutschland/studienangebote/international-programmes/en/detail/9267/,2026-10-04,daad-9267,No,Not started,
Master of Arts in Development Management,Ruhr-Universität Bochum,Bochum,Society & development,Not a current fit,Known barrier / screened out,"Relevant practical development-management experience is required and none has been disclosed. The next cohort is 2028–2030, not 2027.",Master of Arts,3 semesters,On campus / university-based; check programme format,Winter 2028/29,2027-12-31,Published next-cohort dates,Next cohort: 2028–2030. Self-funded deadline: 31 December 2027. DAAD scholarship deadline: 30 September 2027 (a separate route).,No suitable open winter 2026/27 route verified for this profile in this research.,0,€0 tuition; semester contribution and any listed extra charges are separate.,380,Approx. €380.00 per semester; verify the next intake rate.,,Source quote checked 4 October 2026; often 2026/27 or an earlier 2026 semester. Future rates unconfirmed.,"Above-average (upper second or equivalent) BA or relevant degree in political science, social science, law, economics, human geography, or in other subjects related to planning and evaluation of development programmes and projects
Practical experience related to the management of development programmes and projects",6.0,IELTS Academic 6; confirm component minimums and certificate validity.,No minimum language level required,Please check this website .,https://www.development-research.org/studies/ma-in-development-management-madm,https://www.development-research.org/studies/ma-in-development-management-madm,,University-supplied DAAD entry,https://www.development-research.org/studies/ma-in-development-management-madm | https://www2.daad.de/deutschland/studienangebote/international-programmes/en/detail/3848/,2026-10-04,daad-3848,No,Not started,
Tourism Development Strategies (TDS),Stralsund University of Applied Sciences,Stralsund,Business & entrepreneurship,Not a current fit,Known barrier / screened out,Requires a business degree. The 180-ECTS route includes German-taught elements; the fully English route normally needs 240 ECTS.,Master of Arts,"2 semesters, 3 semesters, 4 semesters",On campus / university-based; check programme format,Next intake: check programme,,Next-cycle exact date unverified,"The following is valid for applicants from: non-EU countries
until 31 May The following is valid for applicants from: EU countries
until 31 August",No suitable open winter 2026/27 route verified for this profile in this research.,0,€0 tuition; semester contribution and any listed extra charges are separate.,131.0,"Full-time students: 131 EUR for the first semester and 107 EUR for all subsequent semesters
Erasmus+ students: 103 EUR for each semester","Application, assessment, travel and materials charges may be additional; see the route and fee sources.",Source quote checked 4 October 2026; often 2026/27 or an earlier 2026 semester. Future rates unconfirmed.,"Two-semester course:
A first academic degree in business studies (240 ECTS)
A relevant internship that lasted at least 12 weeks or professional experience (internships during undergraduate degree will be credited)
Secondary school leaving certificate / high school diploma
Signed undertaking to pay administrative programme costs (1,970 EUR in total for the entire study period) for academic study trips to foreign countries, appointments with leading companies, social and intercultural events
Any money that is not entirely spent will be reimbursed (programme costs).
Three-semester course:
A first academic degree in business studies (210 ECTS)
Signed undertaking to pay administrative programme costs (2,170 EUR in total for the entire study period) for academic study trips to foreign countries, appointments with leading companies, social and intercultural events.
Four-semester course:
A first academic degree in business studies (180 ECTS)",6.0,IELTS Academic 6; confirm component minimums and certificate validity.,No minimum language level required,Please apply via uni-assist .,https://www.hochschule-stralsund.de/en/tds/,https://www.hochschule-stralsund.de/en/studying-and-teaching/applications/student-accomodation-1/,https://my.uni-assist.de/,University-supplied DAAD entry,https://www.hochschule-stralsund.de/en/tds/ | https://www.hochschule-stralsund.de/en/studying-and-teaching/applications/student-accomodation-1/ | https://www2.daad.de/deutschland/studienangebote/international-programmes/en/detail/6451/,2026-10-04,daad-6451,No,Not started,
International Business and Resources in Emerging Markets (MBA),TU Bergakademie Freiberg,Freiberg,Business & entrepreneurship,Not a current fit,Known barrier / screened out,At least one year of work plus a business/economics-comparable degree and GMAT/GRE are required. No work experience has been disclosed; no eligible late winter route is verified.,Master of Business Administration,4 semesters,On campus / university-based; check programme format,Winter 2027/28,2027-04-15,Published 2027 normal cycle; late places unconfirmed,Normal cycle: 1 January–15 April 2027. Ask the programme directly about any discretionary late place for 2026; eligibility and availability are both unconfirmed.,No suitable open winter 2026/27 route verified for this profile in this research.,0,€0 tuition; semester contribution and any listed extra charges are separate.,107,Approx. €107.00 per semester; verify the next intake rate.,,Source quote checked 4 October 2026; often 2026/27 or an earlier 2026 semester. Future rates unconfirmed.,Business/economics or comparable degree; at least one year of work; GMAT 570 or GRE 305 (check the currently accepted test scale). Late applications are considered only with spare capacity before lectures; this is not a confirmed open route.,6.5,IELTS Academic 6.5; confirm component minimums and certificate validity.,No minimum language level required,Please check this website .,https://tu-freiberg.de/en/mba-international-business-and-resources-emerging-markets,https://tu-freiberg.de/en/study/your-studies/incoming-students-abroad/application/master,,University-supplied DAAD entry,https://tu-freiberg.de/en/mba-international-business-and-resources-emerging-markets | https://tu-freiberg.de/en/study/your-studies/incoming-students-abroad/application/master | https://www2.daad.de/deutschland/studienangebote/international-programmes/en/detail/7655/,2026-10-04,daad-7655,No,Not started,
Master of Science in Sustainable Food,Technical University of Munich,Singapore,Nutrition & food,Not a current fit,Known barrier / screened out,TUM Asia delivery is in Singapore. This is not a Germany-campus master’s route.,Master of Science,4 semesters,"TUM Asia campus, Singapore — outside Germany",Next intake: check programme,,Next-cycle exact date unverified,"The following is valid for applicants from: all countries
For the winter semester:
1 October - 31 March",No suitable open winter 2026/27 route verified for this profile in this research.,,"Varied
More information on tuition fees
Please find more details on this website .",,Included in tuition fees,"Application, assessment, travel and materials charges may be additional; see the route and fee sources.",Source quote checked 4 October 2026; often 2026/27 or an earlier 2026 semester. Future rates unconfirmed.,"Applicants must have a Bachelor's degree (completed in at least three years) and its equivalent in Food Science, Food Technology, Food Engineering, Nutrition, Food Safety, Sustainability or its equivalent in Science, Technology, Engineering or a closely related discipline.
However, if you are not sure whether you fulfil the admission requirements, kindly contact us.
For applicants with a Chinese, Vietnamese or Indian university degree, an ""Akademische Teststelle"" (APS) certificate is required.",6.5,IELTS Academic 6.5; confirm component minimums and certificate validity.,No minimum language level required,Please check this website .,https://tum-asia.edu.sg/graduate-studies/master-sustainable-food/,https://tum-asia.edu.sg/graduate-studies/master-sustainable-food/,,University-supplied DAAD entry,https://tum-asia.edu.sg/graduate-studies/master-sustainable-food/ | https://www2.daad.de/deutschland/studienangebote/international-programmes/en/detail/9680/,2026-10-04,daad-9680,No,Not started,
Circular Economy and Resilient Food Systems (MA),Technische Hochschule Nürnberg Georg Simon Ohm,Neumarkt in der Oberpfalz,Nutrition & food,Not a current fit,Known barrier / screened out,"German C1 is required, beyond the disclosed A1 level.",Master of Arts,3 semesters,On campus / university-based; check programme format,Next intake: check programme,,Next-cycle exact date unverified,"The following is valid for applicants from: all countries
For the winter semester:
15 May - 15 July The following is valid for applicants from: all countries
For the summer semester:
15 November - 15 January",No suitable open winter 2026/27 route verified for this profile in this research.,0,€0 tuition; semester contribution and any listed extra charges are separate.,82.0,82 EUR per semester,"Application, assessment, travel and materials charges may be additional; see the route and fee sources.",Source quote checked 4 October 2026; often 2026/27 or an earlier 2026 semester. Future rates unconfirmed.,"Bachelor’s degree from the Faculty of Business Administration at the Technische Hochschule Nürnberg Georg Simon Ohm with a final grade point average of at least 2.5 and 210 credits (ECTS) (seven semesters including a practical semester)
or a completed university degree comprising at least 210 ECTS credits and a final grade point average of at least 2.5
or an equivalent German or foreign degree obtained through university studies also with a final grade point average of at least 2.5 in the fields of agricultural sciences, business administration, bio-economics, food science, geography, life sciences, sustainable resource management, social data science, social economics, environmental studies, economics, industrial engineering, economic psychology, or related disciplines
If German is not your native language:
German language certificate (see below) or
Documentation of a completed educational course in German at a secondary school
Documentation of English proficiency:
In addition, evidence of English language proficiency at level B2 (reading comprehension) of the Common European Framework of Reference for Languages is required, unless English was the language of instruction of the relevant first degree or the candidate’s university entrance qualification (HZB). B2 level is documented as achieved if the ""Abitur"" or ""Fachhochschulereife"" record a minimum grade of ""ausreichend"".
A summary of language certificates that we accept is available on this website .",5.5,IELTS Academic 5.5; confirm component minimums and certificate validity.,"C1 required, please provide an official language certificate, e.g.:
TestDaF: TDN 4
Reading: TDN 4
Listening: TDN 4
Speaking: TDN 4
Writing: TDN 4
Deutsche Sprachprüfung für den Hochschulzugang (DSH): DSH-2",Please check this website .,https://www.th-nuernberg.de/studiengang/kreislaufwirtschaft-und-resiliente-ernaehrungs-systeme-ma/,https://www.th-nuernberg.de/studiengang/kreislaufwirtschaft-und-resiliente-ernaehrungs-systeme-ma/,,University-supplied DAAD entry,https://www.th-nuernberg.de/studiengang/kreislaufwirtschaft-und-resiliente-ernaehrungs-systeme-ma/ | https://www2.daad.de/deutschland/studienangebote/international-programmes/en/detail/11242/,2026-10-04,daad-11242,No,Not started,
Master's in Media and Communication Science,Technische Universität Ilmenau,Ilmenau,Design & art,Not a current fit,Known barrier / screened out,Requires a communication/media-science-equivalent degree and English C1 / IELTS 7; no such academic preparation has been disclosed.,Master of Arts,4 semesters,On campus / university-based; check programme format,Next intake: check programme,,Next-cycle exact date unverified,Please visit: https://campus.tu-ilmenau.de/apply,No suitable open winter 2026/27 route verified for this profile in this research.,0,€0 tuition; semester contribution and any listed extra charges are separate.,320.0,Approx. 320 EUR per semester (including a rail/bus ticket and reduced prices in the university canteen and cafeterias),"Application, assessment, travel and materials charges may be additional; see the route and fee sources.",Source quote checked 4 October 2026; often 2026/27 or an earlier 2026 semester. Future rates unconfirmed.,"Formal requirements:
Bachelor's degree/university diploma (or equivalent and/or higher) in communication science (or equivalent, e.g. in media studies, mass communication, public relations, journalism, etc.)
English language proficiency (C1)
Eligibility:
thorough understanding of the scientific method
profound knowledge, skills, and ability in communication and media research including core theories
ability and skills in communication and media practice
willingness and motivation required to carry out interdisciplinary research in intercultural contexts
international experience",7.0,IELTS Academic 7; confirm component minimums and certificate validity.,No minimum language level required,Please check this website .,https://www.tu-ilmenau.de/en/study/before-the-study/range-of-courses/master/media-and-communication-science-ma-1,https://campus.tu-ilmenau.de/apply,,University-supplied DAAD entry,https://www.tu-ilmenau.de/en/study/before-the-study/range-of-courses/master/media-and-communication-science-ma-1 | https://www2.daad.de/deutschland/studienangebote/international-programmes/en/detail/3876/,2026-10-04,daad-3876,No,Not started,
Development Studies,University of Bayreuth,Bayreuth,Society & development,Not a current fit,Known barrier / screened out,At least four weeks of development-related practical experience abroad are required; none has been disclosed. Degree equivalence also needs checking.,Master of Arts,4 semesters,On campus / university-based; check programme format,Winter 2027/28,2027-07-15,Annual pattern; next cycle unconfirmed,"Foreign applicants: 15 July. 15 March is an early visa-planning recommendation, not the general final deadline.",No suitable open winter 2026/27 route verified for this profile in this research.,0,€0 tuition; semester contribution and any listed extra charges are separate.,165.84,Approx. €165.84 per semester; verify the next intake rate.,,Source quote checked 4 October 2026; often 2026/27 or an earlier 2026 semester. Future rates unconfirmed.,"Admission requirements
A Bachelor's degree from the University of Bayreuth in Applied African Studies, African Culture & Society, International Economics & Development, African Development Studies in Geography, Philosophy & Economics, or Geography (final grade ""2.5"" or better), or an equivalent degree awarded by another university
At least four weeks of practical experience abroad dealing with development
English C1 certificate
German A1 certificate (can be submitted up to one year into the study programme; courses for international students are available at the University of Bayreuth Language Center)
Application for admission
Applications are to be submitted online. Please check the programme website: https://www.developmentstudies.uni-bayreuth.de/en/admission_application/index.html .",7.0,IELTS Academic 7; confirm component minimums and certificate validity.,"A1 required, please provide an official language certificate, e.g.:
telc Deutsch: telc Deutsch A1
ÖSD Zertifikat: A1
Goethe-Zertifikat: Goethe-Zertifikat A1",Please check this website .,https://www.developmentstudies.uni-bayreuth.de/en/index.html,https://www.developmentstudies.uni-bayreuth.de/en/admission_application/index.html,,University-supplied DAAD entry,https://www.developmentstudies.uni-bayreuth.de/en/index.html | https://www.gamechanger-campus.de/en/cost-of-living | https://www.developmentstudies.uni-bayreuth.de/en/admission_application/index.html | https://www2.daad.de/deutschland/studienangebote/international-programmes/en/detail/4694/,2026-10-04,daad-4694,No,Not started,
Food Quality and Safety (MSc),University of Bayreuth,Kulmbach,Nutrition & food,Not a current fit,Known barrier / screened out,"A biology/biochemistry-equivalent bachelor is required. The disclosed Home Science background does not establish this, and IELTS 7 is required.",Master of Science,4 semesters,On campus / university-based; check programme format,Winter 2027/28,2027-06-15,Annual pattern; next cycle unconfirmed,"Winter application deadline: 15 June. Opening normally 1 March (Food programmes) / 15 April (Environment, Climate Change and Health).",No suitable open winter 2026/27 route verified for this profile in this research.,0,€0 tuition; semester contribution and any listed extra charges are separate.,165.84,Approx. €165.84 per semester; verify the next intake rate.,,Source quote checked 4 October 2026; often 2026/27 or an earlier 2026 semester. Future rates unconfirmed.,"The academic admission requirement is a university degree with a final grade of 2.5 (""gut"") or better in the Bachelor's programmes Biology or Biochemistry, or a comparable degree in the field of Life Sciences.
Applicants who have obtained their degree abroad also have to upload the application documents via uni-assist and undergo a fee-based special procedure. Applicants can find the relevant information for the document checking process here .
There will be an aptitude test.
For further information on the application process, please visit our website .",7.0,IELTS Academic 7; confirm component minimums and certificate validity.,No minimum language level required,Please check this website .,https://www.foodquality.uni-bayreuth.de/en/index.html,https://www.foodquality.uni-bayreuth.de/en/application/index.html,https://my.uni-assist.de/,University-supplied DAAD entry,https://www.foodquality.uni-bayreuth.de/en/index.html | https://www.foodquality.uni-bayreuth.de/en/application/index.html | https://www.gamechanger-campus.de/en/cost-of-living | https://www2.daad.de/deutschland/studienangebote/international-programmes/en/detail/6927/,2026-10-04,daad-6927,No,Not started,
Global Health,University of Bonn,Bonn,Health,Not a current fit,Known barrier / screened out,Normally 240 ECTS and at least one year of work are required. The stated profile has no additional credits or work experience.,Master of Science,2 semesters,On campus / university-based; check programme format,Winter 2027/28,2027-03-15,Annual pattern; next cycle unconfirmed,Non-EU deadline: 15 March; confirm the next cohort.,No suitable open winter 2026/27 route verified for this profile in this research.,4850,"€4,850 per semester in the assumed non-EU category; exemptions require confirmation.",115,Approx. €115.00 per semester; verify the next intake rate.,,Source quote checked 4 October 2026; often 2026/27 or an earlier 2026 semester. Future rates unconfirmed.,"Applicants must have a first academic degree of 240 ECTS in the areas of health, human medicine, veterinary medicine, dentistry, pharmacy, other academic health professions (public health/health sciences, psychology/psychotherapy, nursing/sciences, midwifery, medical laboratory sciences), international relations or other relevant social sciences. Additionally, applicants must have at least one year working experience in relevant areas, for instance, the regulation of health protection, health management and planning of health care, infrastructure, etc. The work experience of one year must be fully collected before applying.
More information: https://globalhealth-bonn.de/how-to-apply/",5.5,IELTS Academic 5.5; confirm component minimums and certificate validity.,No minimum language level required,Please check this website .,https://globalhealth-bonn.de/mscglobal-health/,https://globalhealth-bonn.de/how-to-apply/,,University-supplied DAAD entry,https://globalhealth-bonn.de/mscglobal-health/ | https://www2.daad.de/deutschland/studienangebote/international-programmes/en/detail/7734/,2026-10-04,daad-7734,No,Not started,
Digital Media,University of Bremen,Bremen,Design & art,Not a current fit,Known barrier / screened out,"Requires substantial programming/algorithms AND media-design experience, plus IELTS 7; a design minor alone is insufficient.",Master of Arts,4 semesters,On campus / university-based; check programme format,Next intake: check programme,,Next-cycle exact date unverified,"The following is valid for applicants from: all countries
For the winter semester:
1 May - 15 July",No suitable open winter 2026/27 route verified for this profile in this research.,0,€0 tuition; semester contribution and any listed extra charges are separate.,425.0,Approx. 425 EUR,"Application, assessment, travel and materials charges may be additional; see the route and fee sources.",Source quote checked 4 October 2026; often 2026/27 or an earlier 2026 semester. Future rates unconfirmed.,"Documents required for the application:
Letter of motivation
CV
Certificate of an accepted Bachelor's degree or equivalent
Portfolio
From the application, i.e. transcript of records plus portfolio, it must become clear that the applicant has substantial experience both in computer science (i.e. programming and algorithms, beyond using existing tools) and design in the field of media.",7.0,IELTS Academic 7; confirm component minimums and certificate validity.,No minimum language level required,Please check this website .,https://digitalmedia-bremen.de/profile/master/description-strands/,https://digitalmedia-bremen.de/profile/master/application-and-requirements/,,University-supplied DAAD entry,https://digitalmedia-bremen.de/profile/master/description-strands/ | https://digitalmedia-bremen.de/profile/master/application-and-requirements/ | https://www2.daad.de/deutschland/studienangebote/international-programmes/en/detail/3844/,2026-10-04,daad-3844,No,Not started,
Master of Public Policy (MPP) at the Willy Brandt School of Public Policy,University of Erfurt,Erfurt,Society & development,Not a current fit,Known barrier / screened out,At least one year of professional experience is required. No work experience has been disclosed.,Master’s degree,4 semesters,On campus / university-based; check programme format,Winter 2027/28,2027-04-30,Annual pattern; next cycle unconfirmed,Visa-required route: 30 April. Applicants not needing a new visa may have 15 July; confirm your category.,No suitable open winter 2026/27 route verified for this profile in this research.,2100,"€2,100 per semester in the assumed non-EU category; exemptions require confirmation.",300,Approx. €300.00 per semester; verify the next intake rate.,,Source quote checked 4 October 2026; often 2026/27 or an earlier 2026 semester. Future rates unconfirmed.,"Higher education entrance qualification (e.g. high school diploma, Abitur)
college or university degree (e.g. Bachelor's, Master's, Diploma, state exam, etc.) with a minimum duration of six semesters, ideally in subjects from the social sciences, economics, or law
minimum of one year of professional work experience
above-average grades
strong analytical skills and pronounced interest in solving political problems
very good English language proficiency",6.5,IELTS Academic 6.5; confirm component minimums and certificate validity.,No minimum language level required,Please check this website .,https://www.uni-erfurt.de/en/brandtschool/studies/master-of-public-policy/master-of-public-policy,https://www.uni-erfurt.de/en/brandtschool/studies/admissions/dates-deadlines,,University-supplied DAAD entry,https://www.uni-erfurt.de/en/brandtschool/studies/master-of-public-policy/master-of-public-policy | https://www.uni-erfurt.de/en/brandtschool/studies/admissions/dates-deadlines | https://www.uni-erfurt.de/en/brandtschool/studies/admissions/tuition-financing | https://www.uni-erfurt.de/en/brandtschool/studies/admissions/application-process | https://www2.daad.de/deutschland/studienangebote/international-programmes/en/detail/3726/,2026-10-04,daad-3726,No,Not started,
Food Science and Technology,University of Hohenheim,Stuttgart,Nutrition & food,Not a current fit,Known barrier / screened out,The science/engineering module assessment requires around 70 relevant credit points; IELTS 6.5 also applies. A Home Science title alone does not establish the required preparation.,Master of Science,4 semesters,On campus / university-based; check programme format,Winter 2027/28,2027-06-15,Annual pattern; next cycle unconfirmed,Deadline 15 June; check programme-specific subject criteria.,No suitable open winter 2026/27 route verified for this profile in this research.,1500,"€1,500 per semester in the assumed non-EU category; exemptions require confirmation.",175,Approx. €175.00 per semester; verify the next intake rate.,,Source quote checked 4 October 2026; often 2026/27 or an earlier 2026 semester. Future rates unconfirmed.,"Applicants are required to prove...
A completed Bachelor's programme (or equivalent) with a profile in the natural sciences or engineering
Subject-specific knowledge in the fields of physics, mathematics, organic chemistry, food chemistry, microbiology, and process engineering (at least 70 points)
Documented proof of good English language skills (level B2)",6.5,IELTS Academic 6.5; confirm component minimums and certificate validity.,No minimum language level required,Please check this website .,https://www.uni-hohenheim.de/en/food-science-and-technology-masters,https://dein-studium.uni-hohenheim.de/en/applying-and-enrollment/applying/applications-for-masters-in-food-science-and-technology,,University-supplied DAAD entry,https://www.uni-hohenheim.de/en/food-science-and-technology-masters | https://dein-studium.uni-hohenheim.de/en/applying-and-enrollment/applying/applications-for-masters-in-food-science-and-technology | https://www2.daad.de/deutschland/studienangebote/international-programmes/en/detail/4456/,2026-10-04,daad-4456,No,Not started,
Master of Arts in International Education and Global Learning,University of Passau,Passau,Education & family,Not a current fit,Known barrier / screened out,"The 180-ECTS route needs an additional 60 academic credits or approximately one year of relevant practice. Neither has been disclosed, and the international-practice requirement also needs checking.",Master of Arts,"2 semesters, 4 semesters",On campus / university-based; check programme format,Summer 2027,2027-01-15,Annual pattern; next cycle unconfirmed,1 November–15 January for summer.,No suitable open winter 2026/27 route verified for this profile in this research.,0,€0 tuition; semester contribution and any listed extra charges are separate.,130,Approx. €130.00 per semester; verify the next intake rate.,,Source quote checked 4 October 2026; often 2026/27 or an earlier 2026 semester. Future rates unconfirmed.,At least 30 ECTS relevant education/social-science content and six weeks of international practice or 10 ECTS equivalent. Normally 240 total qualifying credits; an accepted 180-ECTS degree needs an additional 60 academic credits or approximately one year of relevant practical experience under the programme rules.,5.5,IELTS Academic 5.5; confirm component minimums and certificate validity.,No minimum language level required,Please check this website .,https://www.uni-passau.de/en/masters/intl-education-global-learning,https://www.uni-passau.de/en/apply,,University-supplied DAAD entry,https://www.uni-passau.de/en/masters/intl-education-global-learning | https://www2.daad.de/deutschland/studienangebote/international-programmes/en/detail/10673/,2026-10-04,daad-10673,No,Not started,
Business in a Digital World (MBA),Westsächsische Hochschule Zwickau - University of Applied Sciences Zwickau,Zwickau,Business & entrepreneurship,Not a current fit,Known barrier / screened out,Fully online fee-paying MBA; not established as a suitable on-campus study/residence replacement.,Master of Business Administration,3 semesters,Fully online; not assessed as an on-campus replacement,Next intake: check programme,,Next-cycle exact date unverified,This programme has no deadline listed.,No suitable open winter 2026/27 route verified for this profile in this research.,1800.0,"€1,800 per semester in the assumed non-EU category; exemptions require confirmation.",,https://www.whz.de/studium/studieninteressenten/bewerbung/semesterbeitrag/?L=1,"Application, assessment, travel and materials charges may be additional; see the route and fee sources.",Source quote checked 4 October 2026; often 2026/27 or an earlier 2026 semester. Future rates unconfirmed.,https://www.whz.de/english/study/incomings/courses-of-study/business-in-a-digital-world-mba/,,"B2 required, please provide an official language certificate, e.g.:
Cambridge English Qualifications Business (BEC) : B2 Business Vantage",No minimum language level required,Please apply via uni-assist .,https://www.whz.de/english/study/incomings/courses-of-study/business-in-a-digital-world-mba/,https://www.whz.de/studium/studieninteressenten/bewerbung/semesterbeitrag/?L=1,https://my.uni-assist.de/,University-supplied DAAD entry,https://www.whz.de/english/study/incomings/courses-of-study/business-in-a-digital-world-mba/ | https://www.whz.de/studium/studieninteressenten/bewerbung/semesterbeitrag/?L=1 | https://www2.daad.de/deutschland/studienangebote/international-programmes/en/detail/7142/,2026-10-04,daad-7142,No,Not started,
